-- phpMyAdmin SQL Dump
-- version 5.2.1
-- https://www.phpmyadmin.net/
--
-- Hôte : 127.0.0.1:3307
-- Généré le : lun. 07 oct. 2024 à 13:15
-- Version du serveur : 11.3.2-MariaDB
-- Version de PHP : 8.2.18

SET FOREIGN_KEY_CHECKS=0;
SET SQL_MODE = "NO_AUTO_VALUE_ON_ZERO";
START TRANSACTION;
SET time_zone = "+00:00";


/*!40101 SET @OLD_CHARACTER_SET_CLIENT=@@CHARACTER_SET_CLIENT */;
/*!40101 SET @OLD_CHARACTER_SET_RESULTS=@@CHARACTER_SET_RESULTS */;
/*!40101 SET @OLD_COLLATION_CONNECTION=@@COLLATION_CONNECTION */;
/*!40101 SET NAMES utf8mb4 */;

--
-- Base de données : `db_lodging_test`
--

--
-- Déchargement des données de la table `address`
--

INSERT INTO `address` (`id`, `city`, `country`, `is_billing`, `latitude`, `longitude`, `more`, `number`, `street`, `zip_code`, `user_id`) VALUES
(1, 'Caen', 'France', b'0', '48.782345', '5.100687', 'Eum nobis enim est incidunt sed. Quia sed aut nihil.', '181', 'Impasse du Dahomey', '94316', '4bc3ec7b-2b0e-4f6d-8303-e9c5d5ae8b8a'),
(2, 'Rennes', 'France', b'0', '47.983414', '3.7056253', 'Corrupti culpa ut voluptatum et placeat quaerat eum. Tempore eum laboriosam nemo optio possimus accusantium eaque.', '964', 'Boulevard Pierre Charron', '14540', 'c5edd80e-c336-45ea-9179-1c4162aa69d5'),
(3, 'Tourcoing', 'France', b'0', '47.693336', '6.0092406', 'Aliquam unde commodi et.', '473', 'Boulevard de Presbourg', '66894', 'f4ebeeed-afc9-48ef-b04b-40cebe1ad3f1'),
(4, 'Montauban', 'France', b'0', '43.825726', '7.8774858', 'Deleniti numquam voluptas sed. Ipsa autem laboriosam consequuntur id qui ratione aliquam. Eos ab fugit voluptatum.', '857', 'Boulevard du Bac', '31812', '8783fce1-93d9-4527-be53-595dcfc34b90'),
(5, 'Montauban', 'France', b'0', '49.270046', '6.6679316', 'Aut et necessitatibus. Explicabo fugiat sit sunt sapiente. Necessitatibus ducimus blanditiis eos impedit tenetur sequi eveniet.', '881', 'Rue de l\'Abbaye', '74056', '3513289f-2e9e-4fa3-8dda-99e0272172e8'),
(6, 'Pau', 'France', b'0', '48.146526', '4.2060704', 'Tempora dolores voluptas natus.', '786', 'Rue de la Ferronnerie', '32586', '1f1ad6fe-d1f0-44e5-bd91-8e89b65610e7'),
(7, 'Calais', 'France', b'0', '50.701534', '8.111434', 'Error maiores velit mollitia est quod.', '124', 'Avenue d\'Assas', '38818', 'f9d652b1-52ed-4308-9565-b21c5a4c3cd0'),
(8, 'Le Havre', 'France', b'0', '49.29899', '4.9234934', 'Optio veniam sunt possimus. Sapiente aliquid voluptatum adipisci qui qui qui eum.', '319', 'Passage Lepic', '53051', '8402b37f-9638-4631-bd05-4693dc47fb77'),
(9, 'Saint-Pierre', 'France', b'0', '46.704235', '6.3356366', 'Quas modi sunt facere vero. Ut vero debitis necessitatibus nesciunt illum. Aliquid minima voluptatibus quam ea.', '817', 'Rue Saint-Denis', '72749', 'df09b2f3-2e0f-469e-8e2b-90c516e35969'),
(10, 'Pau', 'France', b'0', '43.228188', '7.005181', 'Odit ut blanditiis placeat. Deserunt similique porro at aut. Sunt repudiandae eius soluta consequuntur.', '147', 'Passage de Solférino', '95381', '2bc3393f-260d-491a-a3d3-5ada3bdf3482'),
(11, 'Aubervilliers', 'France', b'0', '50.530617', '4.86118', 'Dicta neque non nostrum id possimus voluptas distinctio. Harum consequatur error exercitationem. Nostrum impedit sit omnis ab ipsum.', '134', 'Passage Molière', '21752', 'e949b2d0-92db-4528-8231-706e6a3340e9'),
(12, 'Quimper', 'France', b'0', '49.845177', '3.9352725', 'Hic incidunt quia quibusdam soluta est ipsum. Placeat vero voluptatem tempora. Qui libero ipsam voluptatem aut laboriosam laboriosam nihil.', '163', 'Boulevard Saint-Bernard', '88913', '740e0314-6cc8-4079-96b5-662e734c3d77'),
(13, 'Dunkerque', 'France', b'0', '45.202255', '5.4681697', 'Qui iure exercitationem quia aut laboriosam. Dolore harum voluptate qui nemo quo cum ut.', '553', 'Place de la Huchette', '70114', '7b5dd350-2e34-4e3c-b7e0-dc7e1e840f14'),
(14, 'Limoges', 'France', b'0', '43.764942', '5.787756', 'Repudiandae aliquam occaecati quod.', '382', 'Avenue de Provence', '41756', '2d85f3a0-5b74-4be1-94c7-b88589f0cb8b'),
(15, 'Cayenne', 'France', b'0', '47.442833', '3.2275465', 'Adipisci qui distinctio et omnis itaque ullam.', '708', 'Impasse de la Pompe', '12223', '78c7b1c9-8d6c-436b-a51f-3b752d682e2c'),
(16, 'Clichy', 'France', b'0', '50.801132', '7.986659', 'Eligendi at aut dicta deleniti.', '828', 'Rue de la Ferronnerie', '71760', '1950c8aa-ca26-47ca-b16f-6dc8d7bc8af9'),
(17, 'Mulhouse', 'France', b'0', '50.064774', '3.7770252', 'Est cumque id magnam.', '614', 'Boulevard des Rosiers', '86381', '4d70d561-8652-4304-823f-519e3aba1e25'),
(18, 'Metz', 'France', b'0', '49.08144', '5.4143863', 'Est sit totam.', '35', 'Impasse du Faubourg-Saint-Denis', '27581', '71856a43-bdae-4599-a1ff-7845517bebf4'),
(19, 'Saint-Paul', 'France', b'0', '42.323074', '7.3278184', 'Voluptatem impedit sit. Recusandae rerum necessitatibus doloribus. Ipsum fugiat nisi ut rerum incidunt ratione nisi.', '84', 'Place Saint-Jacques', '70709', 'ada6ea81-b12f-4191-9b6e-30ca86be3438'),
(20, 'Tourcoing', 'France', b'0', '43.124695', '3.8812735', 'Accusantium culpa eum ducimus suscipit. Omnis sit fuga odio enim qui.', '852', 'Rue Saint-Bernard', '92609', '39d448bd-1f9f-41e1-9bb0-40993420beda'),
(21, 'Aulnay-sous-Bois', 'France', b'0', '50.99493', '3.729674', 'Excepturi consequatur sit quis quas labore qui voluptate. Corrupti recusandae blanditiis in repudiandae.', '999', 'Rue de Solférino', '52695', '078a1e1f-0661-47c8-a66c-68317e0f4637'),
(22, 'Fort-de-France', 'France', b'0', '49.532627', '6.7069263', 'Optio non facere adipisci temporibus non.', '209', 'Place du Faubourg-Saint-Denis', '88694', 'c23d01f0-278e-4077-b3fd-9a5d057bf8b1'),
(23, 'Drancy', 'France', b'0', '47.87912', '5.1061425', 'Cum ullam incidunt libero quia. Eos nihil quos. Quia id temporibus et natus repudiandae.', '3', 'Place du Faubourg-Saint-Denis', '93643', '11877f46-4b04-424f-88b9-4e2e42fcd749'),
(24, 'Calais', 'France', b'0', '46.733757', '4.8147755', 'Qui sed assumenda sequi. Accusantium corporis soluta sed consequuntur. Libero officia nulla praesentium neque voluptatum et sunt.', '916', 'Place Saint-Dominique', '70711', '70228ee8-e30a-427b-afb3-e1d4eabb0474'),
(25, 'Montreuil', 'France', b'0', '48.280647', '7.099435', 'Consequatur fugiat sunt neque. Eveniet quas illum dolorem doloribus nesciunt enim modi. Alias laudantium tenetur.', '561', 'Passage Saint-Jacques', '71982', '6fc207ef-c4d7-4757-aa0d-c7799bbd0574'),
(26, 'Paris', 'France', b'0', '47.155315', '4.4752774', 'Nesciunt impedit modi rerum. Mollitia iste eligendi nostrum sit. Dignissimos labore nam maxime aliquam quos.', '726', 'Rue Marcadet', '04914', '43f9e6fe-58bd-4371-86f3-a5bbc80b0d3b'),
(27, 'Le Havre', 'France', b'0', '44.019184', '5.447493', 'Perspiciatis consequatur adipisci cumque. Nesciunt consequatur ex sequi quisquam qui voluptatem et. Debitis et ut enim.', '424', 'Passage Royale', '87542', 'c76552d3-a7f3-41d3-846f-9c4cd7b9063f'),
(28, 'Saint-Denis', 'France', b'0', '47.176765', '6.1813693', 'Odio enim quis repudiandae fugiat optio magni.', '182', 'Rue des Saussaies', '12193', 'e96105fd-87c3-44af-beea-74b993a5ca3a'),
(29, 'La Rochelle', 'France', b'0', '44.481964', '4.224653', 'Aut consequatur blanditiis nam saepe veniam eius. Consequatur vel voluptatum ea.', '95', 'Quai Bonaparte', '23131', 'd2d1a900-f8d3-42d6-ad28-9c619828dc91'),
(30, 'Ajaccio', 'France', b'0', '44.393486', '2.6270595', 'Dolore eveniet totam adipisci officiis saepe est et.', '979', 'Impasse Monsieur-le-Prince', '83176', 'fd310317-af24-4860-8e6e-c844280315c8'),
(31, 'Colmar', 'France', b'0', '49.0322', '4.8194366', 'Et optio et quas. Occaecati recusandae aut voluptate necessitatibus sunt.', '477', 'Boulevard Bonaparte', '08736', '8ffa1e47-70b8-4670-b599-ad924d4558f5'),
(32, 'Troyes', 'France', b'0', '50.951344', '4.573538', 'Delectus ut totam enim molestiae. Quas est aut similique repellat vero voluptatem.', '178', 'Avenue du Chat-qui-Pêche', '02505', '234a1c11-6e6d-4488-bae3-fe51ce678461'),
(33, 'Ajaccio', 'France', b'0', '50.36774', '4.5538683', 'Iusto et minus et voluptates fugiat animi.', '142', 'Passage des Panoramas', '67776', 'fcdf5535-ae5f-4ed9-8119-d9ba4e3feceb'),
(34, 'Lyon', 'France', b'0', '50.195095', '5.1029515', 'Ut est at quisquam laborum cupiditate ut dignissimos.', '290', 'Impasse Lepic', '45558', '58d34cb4-4f55-493c-ba70-7128d6694ddd'),
(35, 'Boulogne-Billancourt', 'France', b'0', '46.451607', '2.5761716', 'Eum illo laboriosam et.', '897', 'Allée, Voie de Tilsitt', '20189', '2d0f8f56-d9dc-45fe-ba0e-90909cce6156'),
(36, 'Saint-Denis', 'France', b'0', '44.18691', '4.529989', 'Molestiae aspernatur odit velit explicabo nobis. Magnam ipsa molestiae dolores necessitatibus ex quam explicabo. Reiciendis id nesciunt.', '531', 'Passage de Caumartin', '87377', '8118d52d-e182-4383-a5b4-ad630caea863'),
(37, 'Bourges', 'France', b'0', '49.78438', '7.2092505', 'Numquam et fugiat fugiat ipsam magni vel commodi. Vitae autem aut.', '713', 'Boulevard Adolphe Mille', '68522', 'b1e8e12f-cce6-4abb-a9d9-358544f4202d'),
(38, 'Lyon', 'France', b'0', '48.71667', '6.846489', 'Maiores exercitationem dolorem quis ea.', '167', 'Passage de Richelieu', '45285', '1206a0ad-c6b5-4e5f-94f4-f85d3d14799b'),
(39, 'Nanterre', 'France', b'0', '49.931755', '5.1189322', 'Ad dolorum est. At qui aut quo eos culpa praesentium est. Et deserunt laboriosam maiores inventore.', '82', 'Place Delesseux', '73748', 'a08166af-2e57-48f7-9a0a-9360ea9236a5'),
(40, 'Troyes', 'France', b'0', '49.010864', '3.052791', 'Et et sapiente architecto optio. Autem veritatis asperiores aut quas fugiat quisquam officia.', '484', 'Avenue de Nesle', '64507', 'ad62599b-d6d4-4f6d-8d10-42f5d51b8f17'),
(41, 'Montauban', 'France', b'0', '47.479416', '3.788988', 'Et rem harum id. Non labore magnam.', '950', 'Boulevard de l\'Abbaye', '39786', '42a171d9-e73e-4183-a69f-60479651e9ca'),
(42, 'Toulouse', 'France', b'0', '46.35566', '4.65269', 'Quam et quisquam ratione error laboriosam doloremque consequatur. Veritatis neque ut in.', '818', 'Avenue Charlemagne', '39306', '6c8557a7-0769-4f2a-8780-2aa4290f8b24'),
(43, 'Cayenne', 'France', b'0', '50.44596', '7.115229', 'Aliquid qui eum. Magnam eum placeat culpa illum. Cupiditate consequatur qui id.', '886', 'Impasse de l\'Odéon', '41871', '282d6276-0093-463c-a560-ac3e92f1da78'),
(44, 'Brest', 'France', b'0', '49.029808', '7.380691', 'Dolorem odio vero et iure nihil fugit magni. Qui necessitatibus est eos ut distinctio.', '920', 'Rue de la Bûcherie', '09341', '7bcf1e26-d44b-4e64-a074-8c95d627d727'),
(45, 'Amiens', 'France', b'0', '42.715153', '2.338504', 'Quasi explicabo numquam non quisquam vero. Est enim sit aspernatur vel.', '543', 'Impasse Lepic', '76135', '50f1d884-d5d1-46f0-acc7-538a440f21be'),
(46, 'Nanterre', 'France', b'0', '49.355606', '2.6410968', 'Quia et qui fuga quis eius totam quo. Voluptate quia aut voluptatem voluptatem explicabo hic ipsam.', '341', 'Place Royale', '52660', 'e847d67c-fb3f-4f04-8a74-f989bb66ce6e'),
(47, 'Nice', 'France', b'0', '44.000397', '3.4454145', 'Quae facilis voluptas dolorem quos quam numquam. Eum culpa dignissimos velit accusamus.', '138', 'Passage Saint-Denis', '24767', '9336eca3-846d-4ebd-b3e2-febbce4bf948'),
(48, 'Brest', 'France', b'0', '44.66762', '3.299576', 'Quidem esse quasi ab impedit rem cum aspernatur.', '888', 'Place de la Huchette', '10069', '4391f1a2-088f-4d63-b326-54bb9bc5e7fe'),
(49, 'Sarcelles', 'France', b'0', '48.267136', '4.68319', 'Eum est officia enim praesentium eius iusto.', '289', 'Boulevard Delesseux', '89163', 'ccfde57e-8488-494d-ac8c-fe2e58871e0d'),
(50, 'Aix-en-Provence', 'France', b'0', '47.850895', '6.0112166', 'Corporis neque quia voluptas culpa. Sequi dolorem tempore ducimus sapiente eius. Sed fugit magnam sint sint modi.', '187', 'Allée, Voie de la Pompe', '57562', 'e92347f4-1ea2-4301-852a-25aa9ca1c163'),
(51, 'Aubervilliers', 'France', b'0', '48.01442', '5.5310516', 'Eum non atque. Ut natus veniam voluptatem occaecati voluptas sed. Officia enim nihil eos sapiente quia animi.', '961', 'Passage de Presbourg', '59749', 'cf4f59df-f8da-4c73-8f58-6f6e18a3fe09'),
(52, 'Villeneuve-d\'Ascq', 'France', b'0', '49.645195', '8.036282', 'Dolorem quas non.', '77', 'Boulevard La Boétie', '80308', 'cfe79129-a1d7-43f2-b3c9-36cf6c9bc767'),
(53, 'Pessac', 'France', b'0', '46.35223', '4.6117296', 'Eveniet distinctio necessitatibus velit reprehenderit illum expedita. Nemo aut sint velit consequatur.', '472', 'Allée, Voie d\'Alésia', '28627', '93ab7aa4-7bf8-4df3-a148-dd04353a618c'),
(54, 'Nantes', 'France', b'0', '49.006535', '4.0123343', 'Rerum aperiam quis ipsum. Sint et sit repudiandae neque. Magnam voluptatem at hic non sint.', '391', 'Avenue Bonaparte', '28288', 'ddea5fb2-93b4-419a-854b-eac81841301e'),
(55, 'Neuilly-sur-Seine', 'France', b'0', '43.30067', '8.058368', 'Adipisci voluptas sapiente est fuga qui animi velit. Magnam vero aut quidem magni minima. Nobis officia quisquam maiores.', '955', 'Place des Grands Augustins', '55836', 'ea225579-df92-4de7-b1a0-6144b5075c87'),
(56, 'Bordeaux', 'France', b'0', '45.79539', '5.7231116', 'Et eaque qui laboriosam at aut asperiores. Est nihil voluptatem at omnis fugit voluptas.', '736', 'Allée, Voie du Havre', '31384', '94037af4-366a-498c-bfce-b2e8f4a4200e'),
(57, 'Argenteuil', 'France', b'0', '49.790707', '6.023503', 'Incidunt a incidunt. Tempora accusamus sit possimus reprehenderit dolores velit.', '408', 'Quai Saint-Honoré', '78875', '50e88693-762c-4a9a-b278-e3532d467f00'),
(58, 'Drancy', 'France', b'0', '44.709194', '2.706487', 'Nesciunt voluptatem atque animi omnis suscipit. Qui voluptatem sed magnam et non ipsam vel. Pariatur blanditiis dolores.', '819', 'Avenue Saint-Séverin', '52139', 'e00dfe49-cba7-4cfb-80d8-85e3e20c9c2f'),
(59, 'Lorient', 'France', b'0', '46.481617', '4.8640723', 'Et debitis hic est quae.', '227', 'Quai du Havre', '60352', 'a94f421f-6897-4959-a414-f034e64711f8'),
(60, 'Vitry-sur-Seine', 'France', b'0', '48.465576', '7.134459', 'Molestiae ratione ea molestiae unde. Veniam odit neque placeat. Pariatur qui tenetur.', '931', 'Place Zadkine', '46679', 'da61626c-cdd7-4170-83f2-58bcb98bb89d'),
(61, 'Niort', 'France', b'0', '49.243458', '3.4163413', 'Quia mollitia quisquam molestias occaecati qui dolor aut. Id molestiae asperiores.', '809', 'Quai La Boétie', '58226', '91cfaddd-93f0-498c-adab-2633e42868c3'),
(62, 'Niort', 'France', b'0', '49.456234', '6.620577', 'Sunt mollitia consectetur magnam itaque architecto dicta rerum.', '451', 'Quai de la Pompe', '18692', '9a8f5355-384a-4b11-ac7b-91c260857c34'),
(63, 'Saint-Denis', 'France', b'0', '50.5091', '2.906427', 'Dolorem dignissimos dicta modi dignissimos vel earum quibusdam. Cupiditate in quo.', '104', 'Boulevard de Presbourg', '29832', '0c745319-a757-4d2c-93f5-aafd487c012f'),
(64, 'Nanterre', 'France', b'0', '47.29679', '5.4965057', 'Architecto alias voluptates et aut rerum quisquam.', '757', 'Impasse de la Victoire', '28428', 'f4befd02-4473-4327-af22-294b4738c555'),
(65, 'Dijon', 'France', b'0', '45.825676', '2.3873262', 'Ducimus qui qui recusandae praesentium quae porro qui.', '838', 'Place de Vaugirard', '94701', '7b668565-2a22-4b0b-a5e2-102df7a1099d'),
(66, 'Orléans', 'France', b'0', '45.18924', '6.9568048', 'Consequatur blanditiis doloremque est minima unde numquam voluptatum.', '63', 'Impasse du Chat-qui-Pêche', '03174', '364b3e25-0187-4290-982c-0ae8df0caaa3'),
(67, 'Hyères', 'France', b'0', '42.551704', '7.976038', 'Incidunt quia inventore rem. Totam sequi enim neque optio. Quos culpa error nulla minus.', '632', 'Place de la Harpe', '76234', '55f89ec0-72e1-486d-9de3-33c4a05524e0'),
(68, 'Argenteuil', 'France', b'0', '49.910408', '3.150588', 'Qui ut quis rem vel non. Adipisci illum illo tempore non.', '574', 'Place de Nesle', '91468', '3c6a7e91-2ae5-4049-827a-76f4f4605496'),
(69, 'Bourges', 'France', b'0', '42.92937', '7.974902', 'Ut quia voluptatem laudantium consequatur. Possimus accusantium veniam ut distinctio corrupti minus et.', '381', 'Boulevard de la Pompe', '96291', '2c3e9833-cc66-46a7-9353-9cfbdc9c270a'),
(70, 'Argenteuil', 'France', b'0', '43.997322', '6.389408', 'Neque repellat aut maxime possimus earum.', '686', 'Impasse de Seine', '60158', '69d54ebe-3746-43ff-b4ae-c1f9db21d9a8'),
(71, 'Saint-Paul', 'France', b'0', '45.03958', '3.8092632', 'Qui iusto temporibus illum impedit et aut est.', '432', 'Impasse Marcadet', '74934', 'cadce011-b2ea-42c1-82d4-d45a1b171247'),
(72, 'Angers', 'France', b'0', '50.85727', '5.983998', 'Id nihil labore inventore consequatur aut voluptas. Doloremque optio sed id et. Doloremque asperiores veniam enim doloribus deleniti unde et.', '911', 'Place Joubert', '02731', '68660e57-b719-4c67-949c-f19446100b35'),
(73, 'Marseille', 'France', b'0', '50.42705', '3.2325943', 'Deserunt qui sunt quasi et non. Culpa ipsa vitae pariatur occaecati. Id culpa est asperiores perferendis.', '713', 'Rue de Richelieu', '69525', '39eadc33-8e18-4fdd-9baa-001f35861572'),
(74, 'Saint-Pierre', 'France', b'0', '47.87082', '7.184876', 'Quia error est. Velit sint odit quae aut.', '252', 'Allée, Voie La Boétie', '83933', '414ae083-63f0-455f-9881-80ff2804937d'),
(75, 'Bordeaux', 'France', b'0', '48.16399', '5.913908', 'Voluptatem enim rerum nihil culpa aut sunt. Omnis et quos necessitatibus mollitia culpa.', '568', 'Place Dauphine', '45201', 'b5a28707-8cec-4805-8459-5f75e6288c03'),
(76, 'Saint-Denis', 'France', b'0', '42.656487', '6.200014', 'Temporibus dolore neque. Laboriosam eius animi saepe nobis corrupti culpa earum.', '821', 'Avenue Saint-Séverin', '66416', 'bfcea597-bc2a-4429-b43c-31eaf4840a22'),
(77, 'Saint-Denis', 'France', b'0', '50.3675', '5.890604', 'Similique et quibusdam. Numquam vero facilis qui est aut consequuntur.', '573', 'Boulevard du Bac', '29521', 'b346f94c-75a7-45d7-a97e-f6fc00689c48'),
(78, 'Drancy', 'France', b'0', '50.008312', '7.2216377', 'Quisquam quas culpa quis eveniet id perspiciatis. Quia recusandae delectus dolores ipsa vero corporis.', '481', 'Allée, Voie Zadkine', '64412', '26ab61e6-4ff7-49ce-8014-ab04b43e1249'),
(79, 'Le Tampon', 'France', b'0', '49.738327', '5.188494', 'Repellat quia in sit. Nulla perferendis ut non esse qui reiciendis cumque. Est quasi rerum quibusdam temporibus officia numquam.', '421', 'Passage Saint-Honoré', '84728', '5769eff3-3f47-4c30-9847-e80aa7de6a7c'),
(80, 'Mérignac', 'France', b'0', '46.264095', '4.549734', 'Omnis et totam quo quo non voluptas dolores. Aut sequi excepturi qui soluta. Sed voluptatibus sed laudantium.', '936', 'Rue Royale', '84585', 'd718454f-4ba7-4ec5-ac5a-823dea8334e6'),
(81, 'Ajaccio', 'France', b'0', '43.758255', '7.275572', 'Id nemo consequatur id. Distinctio quo dolore sunt. Necessitatibus est doloribus.', '513', 'Avenue Joubert', '98467', '342fa687-7a61-415a-a588-fcf059455c51'),
(82, 'Mulhouse', 'France', b'0', '47.268135', '3.3863883', 'Cum expedita doloremque voluptatem. Minus a dolores aut autem unde. Sunt cum rerum maiores.', '105', 'Avenue Mouffetard', '26847', '3d00ac19-c1b1-47ba-9ad8-24c0c3965aef'),
(83, 'Neuilly-sur-Seine', 'France', b'0', '48.577145', '7.7575827', 'Voluptatibus autem vel voluptatum sit. Nam totam qui quisquam.', '75', 'Avenue des Panoramas', '35294', '731b6553-72e8-4abd-ad31-452b930bc0e0'),
(84, 'Mérignac', 'France', b'0', '43.106743', '2.399897', 'Numquam nostrum dicta dolor perferendis. Illum dolor est molestiae sit consequatur.', '145', 'Impasse de Seine', '37476', '9ec65c17-cdf1-49c8-8e1d-fad64884457d'),
(85, 'Vitry-sur-Seine', 'France', b'0', '43.410805', '6.45758', 'Quis molestias facere quidem non perferendis fugiat.', '666', 'Rue de l\'Odéon', '76182', '2c61fd74-0ce2-48f6-aa61-a8ac8e641ea4'),
(86, 'Colombes', 'France', b'0', '44.425697', '3.2790477', 'Praesentium est magnam iure quia est et minima.', '811', 'Rue du Chat-qui-Pêche', '18667', '78bfa246-b517-4ce7-a228-9b68ceca4ba7'),
(87, 'Cergy', 'France', b'0', '43.458447', '6.471631', 'Dolor est quos. Placeat vel et dolorum laudantium.', '198', 'Allée, Voie Mouffetard', '29066', '3864ffa4-7c07-422a-850e-aa6eb16611cf'),
(88, 'Drancy', 'France', b'0', '47.28158', '6.0304704', 'Tenetur perferendis recusandae explicabo a voluptas. Omnis suscipit ut omnis vel qui iusto.', '117', 'Allée, Voie Lepic', '91275', '1c212c9b-3d01-4f6e-8adf-a8f65af89b23'),
(89, 'Saint-Denis', 'France', b'0', '48.308342', '4.8962836', 'Quibusdam suscipit modi sit iusto. Laboriosam aut cumque ipsa laudantium veritatis. In nesciunt eum est.', '428', 'Quai Saint-Séverin', '30239', '38c23c52-0795-4fd6-9b5f-82198ea820f4'),
(90, 'Dijon', 'France', b'0', '50.824818', '6.8787246', 'Harum maxime possimus aperiam aut deleniti.', '260', 'Place de Seine', '13100', 'b9d696f7-3fe3-4fb0-8ccb-0d410eb4dd71'),
(91, 'Ivry-sur-Seine', 'France', b'0', '47.667202', '6.115466', 'Id odit est commodi eveniet nostrum ad aliquid. Tempore minima quos blanditiis labore. Consequuntur illum ipsum voluptatem.', '585', 'Impasse d\'Orsel', '92836', '81374c2d-e5fc-46bb-b867-77b9cfb26632'),
(92, 'Calais', 'France', b'0', '45.07218', '5.541787', 'Asperiores fugiat dicta. Voluptatem commodi debitis.', '937', 'Allée, Voie de la Huchette', '22896', '4a740811-0b68-43c1-a7b1-d7be92b5a244'),
(93, 'Clermont-Ferrand', 'France', b'0', '46.026188', '2.8888483', 'Natus doloribus quod vel impedit omnis.', '181', 'Boulevard Saint-Denis', '80312', 'e993c41a-adda-4c0e-bcbb-17fd8200c738'),
(94, 'Sarcelles', 'France', b'0', '45.65634', '2.7466712', 'Doloremque deserunt velit repellendus aut velit. Ab ut aspernatur rerum fugit. Sunt ab odit.', '976', 'Impasse Saint-Séverin', '81707', '418dc57c-703f-4252-bce7-683b93ec2a8b'),
(95, 'Les Abymes', 'France', b'0', '42.76911', '4.6946554', 'Aut aspernatur iste voluptatem sint numquam eaque magni.', '894', 'Rue Pierre Charron', '98732', 'ea0f23a6-b9e9-480e-ac7a-02a77bc73af8'),
(96, 'Pessac', 'France', b'0', '44.809822', '2.7706122', 'Fugit distinctio impedit libero. Ex et debitis suscipit nam ullam. Culpa quasi fugiat est delectus.', '669', 'Quai de la Harpe', '35708', 'daf0b46a-675d-4c03-8d22-63f946fce14a'),
(97, 'Brest', 'France', b'0', '47.66769', '5.6619735', 'Dolorem quia eum in consequatur officia quisquam harum. Dolores quos dolorem voluptates cum odio deserunt.', '441', 'Passage Oberkampf', '03064', '44e218aa-075e-4924-a00e-43b808b53043'),
(98, 'Hyères', 'France', b'0', '49.72474', '7.3394084', 'Dolor officiis nisi et. Voluptas et nemo deleniti id sequi dolorem. Repudiandae necessitatibus reprehenderit.', '215', 'Quai Saint-Dominique', '32844', 'b9dc0cc3-e29c-4288-927e-2c7f92827db1'),
(99, 'Clichy', 'France', b'0', '45.45409', '3.3806562', 'Debitis veritatis velit minima quo itaque blanditiis quam.', '52', 'Allée, Voie de la Pompe', '86434', '49d4c718-3984-47d1-a050-b1df2664172e'),
(100, 'Cayenne', 'France', b'0', '48.36486', '6.950923', 'Eum at omnis et fuga sit. Voluptatem sunt sit.', '376', 'Boulevard Bonaparte', '76912', 'a4dad827-476b-4502-9b43-5614d2586fae'),
(101, 'Cergy', 'France', b'0', '46.860447', '7.6706877', 'Odit commodi est qui deleniti ducimus.', '148', 'Place de la Victoire', '31997', 'f554920b-cd32-4b36-8be0-c79745dd2103'),
(102, 'Reims', 'France', b'0', '45.24414', '2.884003', 'Animi nostrum eaque natus.', '528', 'Rue Laffitte', '28150', '2220f7ea-9158-47e8-842e-8179502b3a91'),
(103, 'Saint-Nazaire', 'France', b'0', '47.256916', '2.7664251', 'Ad ab sit perferendis quasi impedit.', '435', 'Boulevard du Faubourg Saint-Honoré', '45804', 'f5327d06-a789-47cc-9990-3a866453c654'),
(104, 'Aubervilliers', 'France', b'0', '50.02483', '5.5979795', 'Quisquam sint doloremque unde facilis sit non. Tenetur nihil et sunt. Voluptatem architecto blanditiis vel alias porro.', '458', 'Place de Caumartin', '14525', '7136abe5-134a-4980-b274-50a456f11629'),
(105, 'Nantes', 'France', b'0', '44.548313', '6.590193', 'Animi consequuntur rerum omnis in excepturi sed. Est quibusdam id nesciunt nam voluptatem est commodi.', '2', 'Rue de la Victoire', '59845', '844c8127-4406-4d2a-be45-e10e299688ad'),
(106, 'Villeurbanne', 'France', b'0', '45.366028', '3.1510785', 'Est aut velit velit harum ut sit.', '218', 'Boulevard Saint-Honoré', '89583', '3b602237-a8d0-488d-857a-f60eb44df041'),
(107, 'Saint-Denis', 'France', b'0', '49.704185', '2.7309685', 'Totam rem non. Aut inventore est voluptatibus laboriosam nulla odio. Et numquam asperiores quibusdam excepturi iusto.', '788', 'Place de la Victoire', '49967', 'ca7e096b-3458-45f7-bae6-87db871c12c2'),
(108, 'Dunkerque', 'France', b'0', '46.74184', '6.8370686', 'Asperiores dolor animi fuga ut aut velit.', '41', 'Place du Dahomey', '82136', '7052a9c5-f3d0-49cf-946d-4385137eb2ac'),
(109, 'Vitry-sur-Seine', 'France', b'0', '44.40853', '6.834642', 'Nesciunt at assumenda rerum aspernatur tenetur sint qui. Non iste doloribus.', '66', 'Rue du Bac', '82798', '2765db22-d10c-4742-8989-aa1d6503d8be'),
(110, 'Bordeaux', 'France', b'0', '50.551785', '6.56074', 'Molestiae laudantium modi quas dolorum quia blanditiis. Ut dolorem eos autem quia sint similique. Accusamus maiores omnis sint earum incidunt.', '554', 'Place Montorgueil', '35803', 'bf4b78b7-ed63-4ce4-9a1a-8c764967f5bc'),
(111, 'Lyon', 'France', b'0', '47.68622', '7.208515', 'Aspernatur aspernatur facilis et perferendis aspernatur cum. Ut ea dolorum excepturi et neque eligendi non. Et nihil dolores illum repellat.', '663', 'Place du Chat-qui-Pêche', '44322', '21274eea-a884-4586-bcdb-a3beec4074a0'),
(112, 'Amiens', 'France', b'0', '45.94592', '6.4467072', 'Officiis labore tenetur commodi aliquam. Et est ratione cum repellat officiis nostrum architecto. Aspernatur molestiae maxime.', '39', 'Impasse de Rivoli', '21462', 'c1ea88c0-e819-463f-81ce-d7cce2adec26'),
(113, 'Orléans', 'France', b'0', '49.925625', '2.9875262', 'Itaque qui perferendis. Aut placeat sed necessitatibus magnam.', '762', 'Impasse de Vaugirard', '81269', '22b4207a-b5e7-4f1d-b76e-74df58c689f9'),
(114, 'Aulnay-sous-Bois', 'France', b'0', '47.363514', '4.855396', 'Sint cumque facere voluptatum quia sunt.', '762', 'Quai Monsieur-le-Prince', '29562', 'd7dc630c-cc7a-45f4-81ab-cf7db6e1acad'),
(115, 'Aubervilliers', 'France', b'0', '46.330296', '7.516792', 'Quaerat saepe non sunt ab et eos. Consequuntur est repellat nam atque dolorem. Nostrum ut dignissimos.', '771', 'Allée, Voie de Rivoli', '13252', '06bdac2f-777b-41f1-b3e4-101ef2ac5f1e'),
(116, 'Avignon', 'France', b'0', '50.478634', '7.8432755', 'Dolor est possimus. Et alias quae perspiciatis ut nobis.', '842', 'Quai d\'Argenteuil', '46468', '2c3186b8-b365-44a3-9b9e-06a4a166d50e'),
(117, 'Le Mans', 'France', b'0', '43.229992', '4.81356', 'Neque earum minima laudantium.', '154', 'Passage Saint-Denis', '76885', '4775e0f8-f507-43c8-bae5-7b8311dddb6d'),
(118, 'Issy-les-Moulineaux', 'France', b'0', '48.04714', '7.537055', 'Quis ut et et.', '234', 'Impasse Saint-Honoré', '58375', 'cbe3c308-78cf-4b6a-87d2-28b9aa4281c2'),
(119, 'Mulhouse', 'France', b'0', '48.30883', '6.641686', 'Sed unde molestiae animi deleniti suscipit delectus cum. Officia ratione quidem. Nulla qui maiores.', '655', 'Allée, Voie Laffitte', '83875', '424fbd68-e80e-4672-a594-711a78fd36bc'),
(120, 'Valence', 'France', b'0', '46.69707', '3.5592754', 'Iure ducimus velit consequatur possimus voluptatem.', '338', 'Impasse de Presbourg', '71327', 'c4ca7064-5038-4b25-ad71-cb9be171fa61'),
(121, 'Avignon', 'France', b'0', '43.155094', '4.03914', 'Eaque sed ducimus autem. Maiores ipsam debitis pariatur. Sapiente repellat voluptatem amet.', '930', 'Impasse Charlemagne', '68273', '19b3a3a5-6a98-4369-9003-3aa65367cec7'),
(122, 'Toulon', 'France', b'0', '47.50765', '2.9870832', 'Recusandae laborum placeat necessitatibus eum earum.', '816', 'Passage des Panoramas', '00579', 'cb0b30d8-00d6-4b96-bdf4-0b906b8e3775'),
(123, 'Orléans', 'France', b'0', '48.149155', '2.850372', 'Esse quaerat voluptatum. Exercitationem ipsum nihil qui dolores nihil omnis provident. Debitis sed dicta ea quis.', '575', 'Avenue Pierre Charron', '76455', 'ddd20531-8d01-4b1b-95fd-53f25cc9e217'),
(124, 'Nancy', 'France', b'0', '50.58102', '2.79818', 'At ipsum at facere. Ipsam accusamus doloribus non sint dicta molestias. Sunt odio exercitationem ut perspiciatis numquam.', '312', 'Boulevard Charlemagne', '94266', '7187272d-7b44-4cb7-87b9-4bda6de0f489'),
(125, 'Brest', 'France', b'0', '49.923275', '5.672861', 'Eaque incidunt quibusdam possimus. In non mollitia aut deleniti consequuntur aut et. Et molestiae aut quis quidem saepe id maiores.', '228', 'Avenue Vaneau', '48773', '05a3cdb1-6264-417d-bf89-97b716855562'),
(126, 'Levallois-Perret', 'France', b'0', '45.75705', '3.7589867', 'Ex ipsum quo incidunt esse. Magni exercitationem libero. Illum id sed et dignissimos labore.', '898', 'Quai La Boétie', '72569', NULL),
(127, 'Lorient', 'France', b'0', '44.416466', '4.1311026', 'Cum ut nihil ullam tempora sint et optio. Voluptatem soluta non explicabo.', '772', 'Allée, Voie de la Ferronnerie', '84949', NULL),
(128, 'Argenteuil', 'France', b'0', '50.286182', '7.8420377', 'Dolorum vitae corrupti voluptatem minima et rerum facere. Sint fuga exercitationem dolorem vel suscipit. Neque sequi molestiae.', '607', 'Place d\'Abbeville', '85706', NULL),
(129, 'Saint-Quentin', 'France', b'0', '47.396454', '7.6795044', 'Quam reprehenderit est et.', '730', 'Boulevard Royale', '37361', NULL),
(130, 'Calais', 'France', b'0', '50.18144', '3.8470805', 'Aut aliquam cumque ipsa laudantium molestiae a et. Minus dolor recusandae reprehenderit consequatur. Et iusto eos velit ut quod quod.', '378', 'Passage de Rivoli', '43337', NULL),
(131, 'Strasbourg', 'France', b'0', '45.583977', '4.142782', 'Error consequatur ad.', '892', 'Quai de Rivoli', '26161', NULL),
(132, 'Mulhouse', 'France', b'0', '45.294514', '5.407096', 'Nam et aliquam ipsa autem. Esse quia fugiat aperiam.', '801', 'Allée, Voie Charlemagne', '31640', NULL),
(133, 'Perpignan', 'France', b'0', '45.42809', '2.4192796', 'Quibusdam blanditiis illum cupiditate asperiores doloribus qui veniam. Omnis facilis rerum.', '877', 'Impasse de la Pompe', '35625', NULL),
(134, 'Noisy-le-Grand', 'France', b'0', '43.35091', '6.300464', 'Consequatur suscipit dolor. Corrupti sit recusandae quod nisi sunt.', '48', 'Allée, Voie d\'Alésia', '94425', NULL),
(135, 'Asnières-sur-Seine', 'France', b'0', '45.930355', '6.3182497', 'Occaecati exercitationem nesciunt. Sit sit non quas alias.', '825', 'Place d\'Alésia', '93484', NULL),
(136, 'Calais', 'France', b'0', '50.7436', '5.7223916', 'Nesciunt consequuntur recusandae odit nihil. Doloremque voluptatem dolorem consequuntur officiis distinctio eum tempora. Dolorem voluptatem qui esse eum deleniti.', '302', 'Impasse de Solférino', '70599', NULL),
(137, 'Roubaix', 'France', b'0', '44.56159', '6.7868385', 'Beatae suscipit aut consequatur rerum harum.', '12', 'Impasse de Caumartin', '87212', NULL),
(138, 'Rouen', 'France', b'0', '47.993908', '5.5959735', 'Optio qui earum officiis delectus eos et culpa. Explicabo eligendi quaerat unde in qui dolor.', '334', 'Impasse de la Harpe', '06514', NULL),
(139, 'Antony', 'France', b'0', '50.880974', '5.553716', 'Et esse ipsa est veniam nulla consequatur. Veritatis ex tempore provident maiores nesciunt rerum.', '854', 'Quai Delesseux', '75206', NULL),
(140, 'Cayenne', 'France', b'0', '43.213478', '4.399387', 'Ut culpa eveniet.', '934', 'Allée, Voie Marcadet', '07846', NULL),
(141, 'Reims', 'France', b'0', '49.4761', '2.897321', 'Iure deserunt porro ut dolorem id dignissimos. Sed consequatur molestiae necessitatibus voluptatem excepturi corporis. Reiciendis repudiandae sequi dolore iusto.', '195', 'Rue d\'Abbeville', '12949', NULL),
(142, 'Dunkerque', 'France', b'0', '42.776184', '2.730347', 'Voluptas quia ipsum. Minima cumque a laboriosam aut doloremque quasi nihil.', '5', 'Avenue du Dahomey', '89812', NULL),
(143, 'Vitry-sur-Seine', 'France', b'0', '45.411', '2.7945957', 'Dolore expedita dolorem rerum sit dolore laborum ut. Ullam similique corporis placeat veniam aut iusto minima. Ea rerum ut nisi quo ut veritatis.', '161', 'Impasse Vaneau', '72783', NULL),
(144, 'Le Tampon', 'France', b'0', '45.216843', '7.7507997', 'Velit id distinctio aut a.', '262', 'Avenue La Boétie', '27760', NULL),
(145, 'Strasbourg', 'France', b'0', '46.325233', '7.749571', 'Voluptas et odit consectetur dolor consectetur earum. Id ut consequatur omnis saepe minima. Porro quam nam quisquam.', '171', 'Avenue du Faubourg-Saint-Denis', '78110', NULL),
(146, 'Chambéry', 'France', b'0', '49.42047', '5.3093805', 'Culpa nemo maxime magnam. Voluptas quia necessitatibus quis minus vero nisi vel. Qui accusamus est delectus delectus.', '725', 'Place de la Bûcherie', '08483', NULL),
(147, 'Colmar', 'France', b'0', '47.620487', '7.856324', 'Non voluptatibus quia qui. Ipsam ut et et. Sit aspernatur id rerum.', '617', 'Avenue Mouffetard', '47060', NULL),
(148, 'Valence', 'France', b'0', '47.733856', '3.0596468', 'Consectetur laboriosam a natus architecto fugiat.', '412', 'Allée, Voie Molière', '54809', NULL),
(149, 'Orléans', 'France', b'0', '47.89392', '8.086061', 'Et voluptatum assumenda et et nam eveniet.', '844', 'Rue d\'Abbeville', '31243', NULL),
(150, 'Lille', 'France', b'0', '46.093647', '6.286657', 'Fugiat et incidunt.', '50', 'Avenue du Dahomey', '05744', NULL),
(151, 'Limoges', 'France', b'0', '49.510376', '5.058305', 'Dignissimos magnam et et et omnis. Omnis illum debitis itaque asperiores beatae. Est et cum non sit et rem.', '369', 'Avenue Adolphe Mille', '64714', NULL),
(152, 'Pau', 'France', b'0', '48.059544', '6.180348', 'Illum ducimus repellat qui et eius ut.', '810', 'Impasse de Seine', '19285', NULL),
(153, 'Cergy', 'France', b'0', '45.14459', '4.7299533', 'Sint suscipit est dignissimos odit cupiditate modi. Sequi aperiam et quos temporibus.', '976', 'Impasse des Saussaies', '10773', NULL),
(154, 'Villejuif', 'France', b'0', '48.012875', '7.946091', 'Magni nulla molestiae. Eveniet sed a et sit quos asperiores. Voluptatum totam cupiditate eum provident ut maxime molestiae.', '204', 'Avenue Marcadet', '94790', NULL),
(155, 'Nice', 'France', b'0', '51.047684', '6.28743', 'Aliquid vitae inventore. Eos at ut sint ea at. Itaque inventore numquam et sit minima quisquam.', '650', 'Place du Havre', '56837', NULL),
(156, 'Ivry-sur-Seine', 'France', b'0', '45.55563', '7.1916256', 'Aut praesentium debitis qui praesentium omnis qui. Quae et aspernatur qui. Dolorem autem dolores ducimus natus temporibus at minus.', '51', 'Place de la Chaussée-d\'Antin', '27176', NULL),
(157, 'Champigny-sur-Marne', 'France', b'0', '47.11117', '8.092324', 'Accusamus et magnam dolores. Est vero quos vero et.', '900', 'Impasse de Nesle', '13644', NULL),
(158, 'Le Havre', 'France', b'0', '45.338978', '4.0996804', 'Omnis aspernatur sed dolores recusandae magnam dolorum enim.', '1', 'Boulevard Vaneau', '25571', NULL),
(159, 'Saint-Denis', 'France', b'0', '47.881966', '4.126919', 'Velit dolores perspiciatis eos est eum. Recusandae facilis veritatis quia.', '574', 'Rue d\'Orsel', '41590', NULL),
(160, 'Niort', 'France', b'0', '43.916195', '7.6561112', 'Nulla voluptatibus quod dolores. Dolore non nesciunt quia aut. Ipsum aut non numquam et.', '172', 'Avenue Monsieur-le-Prince', '42444', NULL),
(161, 'Amiens', 'France', b'0', '43.40505', '2.516777', 'Est quibusdam quasi ea quis.', '442', 'Allée, Voie Dauphine', '85113', NULL),
(162, 'Antony', 'France', b'0', '48.564472', '3.2170746', 'Optio non quidem aut omnis accusantium. Assumenda autem excepturi nemo accusantium ut magnam quo. Cupiditate qui sed.', '13', 'Avenue Bonaparte', '53452', NULL),
(163, 'Saint-Quentin', 'France', b'0', '43.60423', '5.557393', 'Sapiente ut id qui id ipsum non. Est dolorem quis labore est.', '925', 'Quai de la Pompe', '57582', NULL),
(164, 'Tours', 'France', b'0', '45.320942', '6.511177', 'Voluptatem rerum voluptas non. Quod repudiandae aperiam velit voluptatum voluptatem quasi similique. Temporibus sunt quidem atque et doloribus ad sed.', '663', 'Allée, Voie de l\'Odéon', '81839', NULL),
(165, 'Calais', 'France', b'0', '42.713474', '5.65024', 'Odit ut aut.', '650', 'Boulevard de la Harpe', '92477', NULL),
(166, 'Saint-Denis', 'France', b'0', '49.564903', '3.5620885', 'Sit enim accusamus et voluptatem. Sit ut voluptates est eum aut. Autem ipsa consectetur voluptatem.', '998', 'Avenue Oberkampf', '19696', NULL),
(167, 'Avignon', 'France', b'0', '47.72857', '3.8460166', 'Occaecati distinctio ut voluptatum omnis quia voluptatem aliquid. Ipsum quos velit mollitia corporis. Illum et quibusdam ducimus dolores est.', '438', 'Allée, Voie de Seine', '48127', NULL),
(168, 'Aix-en-Provence', 'France', b'0', '42.94734', '6.120997', 'Corporis rerum veniam dolorem commodi occaecati reprehenderit voluptas. Incidunt magnam aperiam pariatur nihil dolore.', '79', 'Passage du Havre', '29973', NULL),
(169, 'Limoges', 'France', b'0', '48.953342', '4.8957653', 'Dicta voluptatem fuga accusamus libero. Recusandae aliquam commodi quo mollitia praesentium voluptatem.', '685', 'Allée, Voie Pastourelle', '18692', NULL),
(170, 'Le Mans', 'France', b'0', '44.10693', '6.8280745', 'Ullam sit asperiores quia ipsum perferendis consectetur modi.', '154', 'Boulevard de la Ferronnerie', '13512', NULL),
(171, 'Nîmes', 'France', b'0', '43.12374', '3.7802055', 'Quia et reprehenderit voluptatibus nulla voluptatem ratione.', '583', 'Rue des Panoramas', '72192', NULL),
(172, 'Colmar', 'France', b'0', '45.80547', '3.9909577', 'Consequuntur non aspernatur ab nam nihil. Quo et ad quia.', '516', 'Allée, Voie de Presbourg', '70196', NULL),
(173, 'Metz', 'France', b'0', '44.447247', '7.0414977', 'Quis culpa nam et molestiae cum. Eveniet quis in sequi et dolores sint. Eum quae deserunt quam.', '933', 'Rue Mouffetard', '42696', NULL),
(174, 'Chambéry', 'France', b'0', '50.91741', '2.7338777', 'Et architecto reprehenderit. Magni quia fugit et reprehenderit fugit rerum. Impedit optio repudiandae dicta earum.', '563', 'Passage Saint-Bernard', '45713', NULL),
(175, 'Sarcelles', 'France', b'0', '42.934532', '3.4239745', 'Ducimus quidem sit non mollitia non ut.', '318', 'Quai Charlemagne', '29437', NULL);

--
-- Déchargement des données de la table `booking`
--

INSERT INTO `booking` (`id`, `created_at`, `finished_at`, `number`, `quantity`, `started_at`, `lodging_id`, `user_id`) VALUES
('0303fa96-a412-447f-904b-5b5ba6a1e019', '2024-10-07 15:15:14.922718', '2025-01-13 14:29:58.756000', 'cBdX0Wha', 6, '2025-01-13 14:29:58.756000', '36f0182a-5da5-4515-9a6e-1b15a455b890', 'ccfde57e-8488-494d-ac8c-fe2e58871e0d'),
('0fb0dbe7-ffa7-48d4-90c5-9602184d7465', '2024-10-07 15:15:15.340553', '2024-10-08 20:41:46.832000', 'gNpCJIsZ', 4, '2024-10-08 20:41:46.832000', '69d7d2ba-0c66-4678-85d7-73e020326c68', '9a8f5355-384a-4b11-ac7b-91c260857c34'),
('1853505f-f81b-4c70-98b6-e1c556d9e6d4', '2024-10-07 15:15:15.498070', '2024-11-30 12:41:18.718000', 'HgCZu83H', 1, '2024-11-30 12:41:18.718000', '7a6b839f-fb2b-4cb0-afd6-0ed301e313b6', 'bf4b78b7-ed63-4ce4-9a1a-8c764967f5bc'),
('1f2dfe9e-ab01-4fc7-8f1b-839cb1253581', '2024-10-07 15:15:15.586598', '2024-10-28 01:30:55.777000', '8BivzBQp', 1, '2024-10-28 01:30:55.777000', 'e08f7bb2-9968-455c-8af2-110c04f402c1', '1206a0ad-c6b5-4e5f-94f4-f85d3d14799b'),
('20e88a14-1a08-4ce3-b635-305bab0cd0c3', '2024-10-07 15:15:15.090047', '2025-01-08 16:32:13.563000', 'gsJZRjam', 4, '2025-01-08 16:32:13.563000', 'a8d73190-5d0d-4402-9495-1d48a4602566', '4a740811-0b68-43c1-a7b1-d7be92b5a244'),
('339cea99-1b25-4a20-98a4-af37de34e603', '2024-10-07 15:15:15.898673', '2024-10-14 17:19:41.842000', 'Sm5nR4Oh', 5, '2024-10-14 17:19:41.842000', '5d1e0d0f-6da6-4c86-8d2a-874cff08e005', 'c23d01f0-278e-4077-b3fd-9a5d057bf8b1'),
('3d332f23-09cf-48ca-83e3-26cbee83bb41', '2024-10-07 15:15:15.395900', '2025-01-13 15:12:58.929000', 'Euwpn8iM', 3, '2025-01-13 15:12:58.929000', '4d13a0e5-965d-42f8-b43a-942cc42245aa', 'c76552d3-a7f3-41d3-846f-9c4cd7b9063f'),
('48fbd3bd-2fa4-407e-a589-bda6a6400cc2', '2024-10-07 15:15:16.044629', '2024-12-19 06:17:35.640000', 'heTNntjZ', 6, '2024-12-19 06:17:35.640000', 'e905a384-f632-4bbf-9664-c2447187b64c', '26ab61e6-4ff7-49ce-8014-ab04b43e1249'),
('4a801cdd-155b-4e1e-be07-cf610f2aa2b5', '2024-10-07 15:15:16.067751', '2024-12-22 04:25:52.187000', 'hT24LE0s', 4, '2024-12-22 04:25:52.187000', 'b0ff04da-3a5e-486a-a267-2871c4bb290a', '05a3cdb1-6264-417d-bf89-97b716855562'),
('4bdb4383-125f-4c5d-98c0-b6d94053b028', '2024-10-07 15:15:15.777001', '2024-12-09 01:25:35.262000', 'TK89cMnT', 6, '2024-12-09 01:25:35.262000', '9f31fa5f-a72c-4069-b613-decd43c378a9', 'a4dad827-476b-4502-9b43-5614d2586fae'),
('5a65e731-2233-4a0d-b01f-2b22e70f8983', '2024-10-07 15:15:16.198372', '2024-10-08 13:58:55.810000', 'UoVQPONS', 3, '2024-10-08 13:58:55.810000', '01cc1a8b-b498-4d2f-9f2e-c0981b5926e2', '26ab61e6-4ff7-49ce-8014-ab04b43e1249'),
('5ba58373-68c6-4251-94e3-bc39cd39912f', '2024-10-07 15:15:16.095615', '2024-11-26 00:50:13.153000', '1tJwe2g2', 5, '2024-11-26 00:50:13.153000', 'b0ff04da-3a5e-486a-a267-2871c4bb290a', '418dc57c-703f-4252-bce7-683b93ec2a8b'),
('602eb0ef-d1cc-4bc9-89d7-d5dfbdd6fd69', '2024-10-07 15:15:15.867557', '2024-11-20 12:10:47.510000', 'bRDFIkFk', 2, '2024-11-20 12:10:47.510000', '5bdfabbb-42f0-42d1-93fe-e0c7f5310985', '7b5dd350-2e34-4e3c-b7e0-dc7e1e840f14'),
('60f04bff-a8d1-40cf-a28a-d3437e1b33d4', '2024-10-07 15:15:16.018494', '2025-01-07 22:08:30.535000', 'TROZU28I', 6, '2025-01-07 22:08:30.535000', '96fb1976-17b1-482c-a4f8-f9e66e6ed696', '94037af4-366a-498c-bfce-b2e8f4a4200e'),
('65914a95-ae41-49b2-8278-2db316638b50', '2024-10-07 15:15:16.363655', '2024-11-06 04:22:05.094000', 'DqWID030', 6, '2024-11-06 04:22:05.094000', '00686e16-7bee-46a5-b3a5-2f7964fa9a93', '7b668565-2a22-4b0b-a5e2-102df7a1099d'),
('671e49aa-9de1-45bd-9d83-5e42c813325b', '2024-10-07 15:15:15.531913', '2024-12-14 20:06:53.236000', 'W35wav0Y', 6, '2024-12-14 20:06:53.236000', '346c3d14-59ba-4b78-8834-64e69fd19956', '2d0f8f56-d9dc-45fe-ba0e-90909cce6156'),
('68e99d69-709c-478e-bb58-87a6b4d3a233', '2024-10-07 15:15:14.890516', '2025-01-02 16:48:38.401000', 'uTYlU5EB', 1, '2025-01-02 16:48:38.401000', '00686e16-7bee-46a5-b3a5-2f7964fa9a93', '68660e57-b719-4c67-949c-f19446100b35'),
('6a2f7603-6fad-4f6a-aa37-db56743ebf94', '2024-10-07 15:15:16.127611', '2024-12-05 21:25:41.819000', 'evCSLMNJ', 6, '2024-12-05 21:25:41.819000', '34a8defe-ad1d-4862-959d-584e14e935a3', 'e847d67c-fb3f-4f04-8a74-f989bb66ce6e'),
('707c372c-d82d-4717-9bc2-d65ad62fa198', '2024-10-07 15:15:15.467101', '2024-11-12 00:23:20.097000', 'D0jBrdi5', 2, '2024-11-12 00:23:20.097000', '1aa8f75e-2113-4234-9315-141a1d20a424', '26ab61e6-4ff7-49ce-8014-ab04b43e1249'),
('76236ebe-5729-4977-8b74-e0aafe3b6c06', '2024-10-07 15:15:15.561060', '2024-12-12 06:30:43.286000', 'Yvlfvm5d', 3, '2024-12-12 06:30:43.286000', 'b70fcd10-2faa-4367-83da-311ad3f5a4af', 'b1e8e12f-cce6-4abb-a9d9-358544f4202d'),
('79aaed55-b82e-4431-96e7-b1beda3c2f41', '2024-10-07 15:15:15.154853', '2024-12-07 09:24:31.343000', '7tbNGx2T', 5, '2024-12-07 09:24:31.343000', '8d53ae6b-0abf-4c2f-b20f-693ad9c4c1b0', '39d448bd-1f9f-41e1-9bb0-40993420beda'),
('7a9a74a9-4872-431b-b648-be159f4a6c1d', '2024-10-07 15:15:14.989886', '2024-11-22 07:43:02.700000', 'iQBmB1dJ', 2, '2024-11-22 07:43:02.700000', '8d53ae6b-0abf-4c2f-b20f-693ad9c4c1b0', 'e847d67c-fb3f-4f04-8a74-f989bb66ce6e'),
('82170077-4ecd-4aed-85c7-c3b7cb0d8401', '2024-10-07 15:15:16.226542', '2024-12-27 09:51:37.002000', 'kuzTu2LS', 4, '2024-12-27 09:51:37.002000', '01cc1a8b-b498-4d2f-9f2e-c0981b5926e2', '3d00ac19-c1b1-47ba-9ad8-24c0c3965aef'),
('83864c23-82ca-4203-85ba-7a19f0fd9569', '2024-10-07 15:15:15.748075', '2024-12-09 15:02:59.149000', 'PLVIRXQ2', 2, '2024-12-09 15:02:59.149000', '34a8defe-ad1d-4862-959d-584e14e935a3', 'f4befd02-4473-4327-af22-294b4738c555'),
('8cbd6ca4-2528-4256-a4c8-55223b56fbd0', '2024-10-07 15:15:15.285702', '2024-11-30 17:29:02.276000', 'tMpOEtMU', 1, '2024-11-30 17:29:02.276000', 'd2d74f04-d31a-440e-8e08-aef411371159', '1c212c9b-3d01-4f6e-8adf-a8f65af89b23'),
('934bdcf4-4df4-4a10-ac60-ecd5782ac192', '2024-10-07 15:15:15.058368', '2024-11-10 04:14:03.716000', 'prUvlADC', 5, '2024-11-10 04:14:03.716000', 'a8d73190-5d0d-4402-9495-1d48a4602566', '424fbd68-e80e-4672-a594-711a78fd36bc'),
('974ec9a1-c156-4643-b5ed-f35bfc510d79', '2024-10-07 15:15:14.954634', '2025-01-05 19:37:23.446000', 'Bb9i1RSw', 6, '2025-01-05 19:37:23.446000', 'e905a384-f632-4bbf-9664-c2447187b64c', '38c23c52-0795-4fd6-9b5f-82198ea820f4'),
('9b774fd3-5fa3-4acc-acf5-613b93d9c59a', '2024-10-07 15:15:16.161528', '2024-11-14 05:03:18.710000', 'oj2JyjmO', 4, '2024-11-14 05:03:18.710000', '04e6e3a7-1f72-43f2-82cc-e3782fd90235', '2d85f3a0-5b74-4be1-94c7-b88589f0cb8b'),
('9e3a6780-bdf0-490e-a8f6-482d60b8c1f5', '2024-10-07 15:15:15.665914', '2024-12-17 02:33:44.872000', 'hZAZH5zf', 6, '2024-12-17 02:33:44.872000', '55b190dd-19c9-42ee-b0fa-4f57fd4d88dd', 'e96105fd-87c3-44af-beea-74b993a5ca3a'),
('9e420aeb-8062-440f-91a1-d2e621c638ed', '2024-10-07 15:15:15.188073', '2024-10-16 01:32:37.757000', 'let68jjW', 4, '2024-10-16 01:32:37.757000', '5bdfabbb-42f0-42d1-93fe-e0c7f5310985', 'd7dc630c-cc7a-45f4-81ab-cf7db6e1acad'),
('a13b6f1e-c3cc-486c-a386-114200061b10', '2024-10-07 15:15:15.227076', '2024-10-11 20:41:59.879000', 'Rw5TSlpA', 3, '2024-10-11 20:41:59.879000', 'e08f7bb2-9968-455c-8af2-110c04f402c1', '93ab7aa4-7bf8-4df3-a148-dd04353a618c'),
('ac1dc638-b4b8-410c-b34f-7bc7a381d64f', '2024-10-07 15:15:15.615829', '2024-10-22 01:32:48.102000', 'eGpfb93Z', 1, '2024-10-22 01:32:48.102000', '4d19cc9b-1459-4cce-96e8-88b14a9bb4b4', 'ad62599b-d6d4-4f6d-8d10-42f5d51b8f17'),
('ac948a35-648e-46d8-a345-1b9d3c02ce5e', '2024-10-07 15:15:14.857642', '2024-10-12 20:13:55.755000', 'KJX93BEq', 3, '2024-10-12 20:13:55.755000', 'e905a384-f632-4bbf-9664-c2447187b64c', 'cb0b30d8-00d6-4b96-bdf4-0b906b8e3775'),
('b38e44be-0180-4e9a-900b-41d2caafeb23', '2024-10-07 15:15:15.694889', '2025-01-10 03:13:54.262000', 'srpGiEYO', 2, '2025-01-10 03:13:54.262000', '86f229f3-91a2-4fa0-902d-eb6d49770665', '58d34cb4-4f55-493c-ba70-7128d6694ddd'),
('c023f037-698d-4371-8d7b-cb49dabb8473', '2024-10-07 15:15:15.994113', '2024-12-31 23:04:53.592000', 'IZiJGqU5', 3, '2024-12-31 23:04:53.592000', '30146298-ac84-4c22-9432-2134ee0ca0b6', 'daf0b46a-675d-4c03-8d22-63f946fce14a'),
('c1c7d2be-04db-428e-958f-3fd5373a6597', '2024-10-07 15:15:16.260220', '2024-11-28 04:34:32.359000', 'nP8w9MFB', 6, '2024-11-28 04:34:32.359000', '8e50f1fa-44f3-4e67-bc68-07fb02519da0', '69d54ebe-3746-43ff-b4ae-c1f9db21d9a8'),
('d0af06a0-be10-4e0c-942f-72cc890b68c6', '2024-10-07 15:15:15.932666', '2024-12-29 10:06:40.793000', 'QwofAwYD', 6, '2024-12-29 10:06:40.793000', '01cc1a8b-b498-4d2f-9f2e-c0981b5926e2', 'cfe79129-a1d7-43f2-b3c9-36cf6c9bc767'),
('d2009d9d-004f-4160-9a18-d5daa03365b6', '2024-10-07 15:15:15.810343', '2024-11-24 21:51:39.362000', 'YBr94q78', 3, '2024-11-24 21:51:39.362000', 'bf7b39e8-f2ad-4318-bd29-7fc5109039ce', '44e218aa-075e-4924-a00e-43b808b53043'),
('d3c9bb85-6278-4b4d-958e-6f28baca16cb', '2024-10-07 15:15:16.293542', '2025-01-12 14:35:52.504000', 'l5daBnoz', 2, '2025-01-12 14:35:52.504000', '783dc8f9-8520-4852-9f88-58a3ef5164ea', 'f4befd02-4473-4327-af22-294b4738c555'),
('d9ffa632-69d1-47a3-831e-f3b3db2bcd44', '2024-10-07 15:15:15.839991', '2025-01-14 00:47:54.996000', 'cy3w5jLW', 1, '2025-01-14 00:47:54.996000', 'e905a384-f632-4bbf-9664-c2447187b64c', 'f4ebeeed-afc9-48ef-b04b-40cebe1ad3f1'),
('e921cd4b-a1d9-4527-b567-6c3292f66b4c', '2024-10-07 15:15:15.966404', '2024-10-22 10:16:58.069000', '9vfvzvft', 3, '2024-10-22 10:16:58.069000', '34a8defe-ad1d-4862-959d-584e14e935a3', '22b4207a-b5e7-4f1d-b76e-74df58c689f9'),
('ec861bc8-e7cb-4140-8880-c6b74db3f4f8', '2024-10-07 15:15:15.028428', '2024-11-09 16:17:30.956000', 'vJuc2EqJ', 6, '2024-11-09 16:17:30.956000', '592ddae3-3c13-44fd-b0f9-e7766d455536', '71856a43-bdae-4599-a1ff-7845517bebf4'),
('f1e7a7e9-2a17-4f78-8569-8537472c0efe', '2024-10-07 15:15:15.430102', '2025-01-11 10:40:26.389000', '0kNHJMOu', 4, '2025-01-11 10:40:26.389000', 'd21e515c-d5aa-483b-a9a2-80bcff560238', 'f554920b-cd32-4b36-8be0-c79745dd2103'),
('f7f23fa7-f254-48fd-8d14-30de4fc827de', '2024-10-07 15:15:15.310926', '2025-01-13 00:59:58.878000', 'XHixrunD', 3, '2025-01-13 00:59:58.878000', 'd21e515c-d5aa-483b-a9a2-80bcff560238', '78bfa246-b517-4ce7-a228-9b68ceca4ba7'),
('f85415df-b584-4b24-8fba-79c1611d61ab', '2024-10-07 15:15:15.365648', '2024-10-20 06:11:33.346000', 'GECDO4oT', 1, '2024-10-20 06:11:33.346000', '69d7d2ba-0c66-4678-85d7-73e020326c68', 'cadce011-b2ea-42c1-82d4-d45a1b171247'),
('f92a8546-ee6a-4018-98c2-d4428cecf93a', '2024-10-07 15:15:15.260407', '2024-11-17 21:22:29.878000', 'kgQtwmqY', 3, '2024-11-17 21:22:29.878000', 'ca046f35-c5b2-4c44-b2c9-37bdddc51bec', '7bcf1e26-d44b-4e64-a074-8c95d627d727'),
('fa0d3373-98ea-4594-855a-ab3b61cc5a05', '2024-10-07 15:15:16.329454', '2024-11-23 04:09:33.286000', 'HuMAbBn6', 5, '2024-11-23 04:09:33.286000', 'd21e515c-d5aa-483b-a9a2-80bcff560238', '731b6553-72e8-4abd-ad31-452b930bc0e0'),
('fd842d72-dc7e-4cbe-a5d6-1df42347dead', '2024-10-07 15:15:15.124515', '2025-01-08 14:48:50.297000', 'LINuFiFD', 2, '2025-01-08 14:48:50.297000', '4d13a0e5-965d-42f8-b43a-942cc42245aa', '3864ffa4-7c07-422a-850e-aa6eb16611cf'),
('ffbb1120-8c7d-4299-8c0a-c2dd67695376', '2024-10-07 15:15:15.721817', '2024-10-26 23:28:29.099000', 'ImoSRbT2', 6, '2024-10-26 23:28:29.099000', '5bdfabbb-42f0-42d1-93fe-e0c7f5310985', 'b9d696f7-3fe3-4fb0-8ccb-0d410eb4dd71'),
('ffbdf8db-0c7f-4f38-b4ca-2ff027892926', '2024-10-07 15:15:15.638113', '2024-10-31 07:10:49.396000', 'XqyinIj2', 5, '2024-10-31 07:10:49.396000', '04e6e3a7-1f72-43f2-82cc-e3782fd90235', 'e993c41a-adda-4c0e-bcbb-17fd8200c738');

--
-- Déchargement des données de la table `favorite`
--

INSERT INTO `favorite` (`created_at`, `user_id`, `lodging_id`) VALUES
('2024-10-07 15:15:14.595395', '39d448bd-1f9f-41e1-9bb0-40993420beda', '04e6e3a7-1f72-43f2-82cc-e3782fd90235'),
('2024-10-07 15:15:14.833703', '8ffa1e47-70b8-4670-b599-ad924d4558f5', '08595adb-9c58-4ba2-9ae1-1c133715ba91'),
('2024-10-07 15:15:14.478294', '7052a9c5-f3d0-49cf-946d-4385137eb2ac', '1aa8f75e-2113-4234-9315-141a1d20a424'),
('2024-10-07 15:15:14.499523', 'd2d1a900-f8d3-42d6-ad28-9c619828dc91', '1aa8f75e-2113-4234-9315-141a1d20a424'),
('2024-10-07 15:15:14.285863', '844c8127-4406-4d2a-be45-e10e299688ad', '2d8156f3-9d7a-47bb-ac57-048ec6d83ca3'),
('2024-10-07 15:15:14.777994', 'f4ebeeed-afc9-48ef-b04b-40cebe1ad3f1', '34a8defe-ad1d-4862-959d-584e14e935a3'),
('2024-10-07 15:15:14.517399', 'b1e8e12f-cce6-4abb-a9d9-358544f4202d', '36f0182a-5da5-4515-9a6e-1b15a455b890'),
('2024-10-07 15:15:14.667150', 'c4ca7064-5038-4b25-ad71-cb9be171fa61', '4d19cc9b-1459-4cce-96e8-88b14a9bb4b4'),
('2024-10-07 15:15:14.751694', 'a4dad827-476b-4502-9b43-5614d2586fae', '55b190dd-19c9-42ee-b0fa-4f57fd4d88dd'),
('2024-10-07 15:15:14.694213', '39d448bd-1f9f-41e1-9bb0-40993420beda', '592ddae3-3c13-44fd-b0f9-e7766d455536'),
('2024-10-07 15:15:14.259909', '3d00ac19-c1b1-47ba-9ad8-24c0c3965aef', '592ddae3-3c13-44fd-b0f9-e7766d455536'),
('2024-10-07 15:15:14.450204', '39eadc33-8e18-4fdd-9baa-001f35861572', '5d1e0d0f-6da6-4c86-8d2a-874cff08e005'),
('2024-10-07 15:15:14.619727', '50e88693-762c-4a9a-b278-e3532d467f00', '5d1e0d0f-6da6-4c86-8d2a-874cff08e005'),
('2024-10-07 15:15:14.427384', '69d54ebe-3746-43ff-b4ae-c1f9db21d9a8', '74664d52-2619-4c95-8712-842f8eb8576f'),
('2024-10-07 15:15:14.373923', '4bc3ec7b-2b0e-4f6d-8303-e9c5d5ae8b8a', '782c4832-d8b0-46fa-a109-5cfd0f1d6836'),
('2024-10-07 15:15:14.344941', 'fcdf5535-ae5f-4ed9-8119-d9ba4e3feceb', '7a6b839f-fb2b-4cb0-afd6-0ed301e313b6'),
('2024-10-07 15:15:14.314062', '2d85f3a0-5b74-4be1-94c7-b88589f0cb8b', '86b8b5ca-3417-4ee3-b0be-f2d6394a0648'),
('2024-10-07 15:15:14.721552', '4a740811-0b68-43c1-a7b1-d7be92b5a244', '86b8b5ca-3417-4ee3-b0be-f2d6394a0648'),
('2024-10-07 15:15:14.543728', 'e00dfe49-cba7-4cfb-80d8-85e3e20c9c2f', '8e50f1fa-44f3-4e67-bc68-07fb02519da0'),
('2024-10-07 15:15:14.640728', '2c61fd74-0ce2-48f6-aa61-a8ac8e641ea4', '9f31fa5f-a72c-4069-b613-decd43c378a9'),
('2024-10-07 15:15:14.400726', '740e0314-6cc8-4079-96b5-662e734c3d77', 'a1db08cd-fda0-4f66-a835-33d1c2887548'),
('2024-10-07 15:15:14.227943', '740e0314-6cc8-4079-96b5-662e734c3d77', 'a3ee03a6-23fa-4cc3-ab25-e238cd802c41'),
('2024-10-07 15:15:14.808016', '2c3186b8-b365-44a3-9b9e-06a4a166d50e', 'a8d73190-5d0d-4402-9495-1d48a4602566'),
('2024-10-07 15:15:14.190563', '414ae083-63f0-455f-9881-80ff2804937d', 'b70fcd10-2faa-4367-83da-311ad3f5a4af'),
('2024-10-07 15:15:14.573615', 'f5327d06-a789-47cc-9990-3a866453c654', 'ecf193b3-5cb6-42e1-a0a2-e813daf5512f');

--
-- Déchargement des données de la table `lodging`
--

INSERT INTO `lodging` (`id`, `capacity`, `description`, `is_accessible`, `name`, `night_price`, `slug`, `address_id`) VALUES
('00686e16-7bee-46a5-b3a5-2f7964fa9a93', 4, 'Consequatur velit quam. Quis aspernatur molestiae autem omnis. Debitis aperiam voluptas quaerat rem.', b'0', 'Douillet Retraite du Vignoble', 95, 'douillet-retraite-du-vignoble', 148),
('01cc1a8b-b498-4d2f-9f2e-c0981b5926e2', 2, 'Sequi nesciunt asperiores amet et eligendi consequatur. Suscipit repellendus quia aut atque impedit consequatur.', b'0', 'Charmant Pavillon du Marais', 71, 'charmant-pavillon-du-marais', 141),
('04e6e3a7-1f72-43f2-82cc-e3782fd90235', 4, 'Beatae sint sit qui. Est facilis soluta doloremque. Ab ea et pariatur.', b'0', 'Verdoyant Château des Montagnes', 95, 'verdoyant-chateau-des-montagnes', 130),
('08595adb-9c58-4ba2-9ae1-1c133715ba91', 3, 'Id quod soluta dolor quam qui. Quam hic ullam. Velit ab deserunt aut laborum.', b'0', 'Radieux Retraite du Rocher', 20, 'radieux-retraite-du-rocher', 132),
('1aa8f75e-2113-4234-9315-141a1d20a424', 2, 'Est ea dicta eum error vero corrupti. Ullam totam aspernatur inventore. Quam sunt a dolor. Id quia autem aperiam in omnis.', b'0', 'Pittoresque Cabane de la Vallée', 52, 'pittoresque-cabane-de-la-vallee', 128),
('1cd3fd48-ad02-4e16-9fc4-4df594d8ee78', 8, 'Cupiditate quas ut corporis ut quis aliquam sequi. Iusto similique dolores provident placeat nihil sed nesciunt. Dolorem sint molestiae dolores.', b'0', 'Agréable Cabane du Jardin', 28, 'agreable-cabane-du-jardin', 163),
('260bafb3-25dd-4c84-8cb4-b8345d1c05b5', 4, 'Numquam sed dolor dolor ullam. Et sit et omnis aut quidem.', b'0', 'Enchanteur Écrin des Falaises', 95, 'enchanteur-ecrin-des-falaises', 135),
('2d8156f3-9d7a-47bb-ac57-048ec6d83ca3', 7, 'Dolore laboriosam modi et iusto nesciunt. Amet fugiat laudantium architecto et ut veniam. Non quibusdam quibusdam. Incidunt deserunt voluptate est minima.', b'0', 'Convivial Résidence du Bois', 49, 'convivial-residence-du-bois', 136),
('30146298-ac84-4c22-9432-2134ee0ca0b6', 5, 'Quia enim tenetur et quibusdam ratione delectus laudantium. Voluptatem beatae nisi consequatur atque. Qui voluptatibus fugit impedit numquam eos illo ut. Cupiditate mollitia rerum accusantium vitae vel sunt et.', b'0', 'Serein Foyer des Près', 91, 'serein-foyer-des-pres', 157),
('31cd9be0-538a-4405-b3c2-4d65f8f0bf19', 8, 'Dolor ea commodi. Culpa similique velit quibusdam ullam qui. Iste fugit itaque dolor dolor illo modi. Necessitatibus ea voluptas et suscipit et non rerum.', b'0', 'Convivial Logis des Pins', 76, 'convivial-logis-des-pins', 171),
('346c3d14-59ba-4b78-8834-64e69fd19956', 6, 'Necessitatibus laborum nesciunt nemo enim fugiat aliquid. Blanditiis ipsa ipsum quos qui molestias et. Sit possimus dicta ut sit quos cumque saepe.', b'0', 'Convivial Domaine des Pins', 46, 'convivial-domaine-des-pins', 139),
('34a8defe-ad1d-4862-959d-584e14e935a3', 6, 'Et blanditiis sed et dolore libero eligendi. Vel nam omnis sunt dolore.', b'0', 'Enchanteur Auberge de la Plage', 69, 'enchanteur-auberge-de-la-plage', 165),
('36f0182a-5da5-4515-9a6e-1b15a455b890', 2, 'Molestiae omnis assumenda ullam in iusto corporis. Doloribus nesciunt tempore.', b'0', 'Pittoresque Villa du Bois', 4, 'pittoresque-villa-du-bois', 173),
('4d13a0e5-965d-42f8-b43a-942cc42245aa', 2, 'Quam inventore quia qui hic sunt. Sequi veniam labore molestiae quia in et.', b'0', 'Radieux Moulin des Près', 7, 'radieux-moulin-des-pres', 149),
('4d19cc9b-1459-4cce-96e8-88b14a9bb4b4', 5, 'Veniam architecto facere est explicabo et et. Corrupti et quibusdam blanditiis. Dignissimos error dolorem. Perferendis aperiam ut est impedit molestiae.', b'0', 'Paisible Résidence des Pins', 23, 'paisible-residence-des-pins', 155),
('5120ecc7-ed0d-4b9f-b4f5-a3e926fafb57', 8, 'Ut eaque reprehenderit vitae. Ut soluta amet rerum aspernatur similique facilis.', b'0', 'Tranquille Lodge de la Rivière', 19, 'tranquille-lodge-de-la-riviere', 137),
('531bc18f-1f83-4643-ba22-85af23594e5f', 7, 'Labore laudantium quia distinctio est repudiandae natus. Reprehenderit magni saepe voluptas voluptatem illo est. Sint et dolore et.', b'0', 'Authentique Manoir du Soleil', 38, 'authentique-manoir-du-soleil', 133),
('55b190dd-19c9-42ee-b0fa-4f57fd4d88dd', 1, 'Est illo vero a impedit laborum. Vel hic et quod id blanditiis. Voluptatem aut deleniti.', b'0', 'Pittoresque Chalet de la Mer', 75, 'pittoresque-chalet-de-la-mer', 143),
('592ddae3-3c13-44fd-b0f9-e7766d455536', 1, 'Sint aliquam quaerat tempore. Quasi non dolores reiciendis soluta eum neque.', b'0', 'Agréable Foyer de la Mer', 65, 'agreable-foyer-de-la-mer', 175),
('5bdfabbb-42f0-42d1-93fe-e0c7f5310985', 4, 'Non iure sed ea iusto nobis vel. Cum consequatur laboriosam nisi reiciendis impedit id. Accusamus voluptatem facere modi qui unde rem. Consectetur aut id autem.', b'0', 'Raffiné Auberge des Fleurs', 5, 'raffine-auberge-des-fleurs', 156),
('5d1e0d0f-6da6-4c86-8d2a-874cff08e005', 3, 'Fugiat reprehenderit facere. Illum fugit est quaerat quisquam eos. Sed rem quidem eum delectus.', b'0', 'Convivial Château du Sentier', 71, 'convivial-chateau-du-sentier', 174),
('64891250-fff1-4b45-8424-934bd7b4a136', 6, 'Aut ut culpa a. Vitae fuga officia dolores alias quia aspernatur voluptas. Autem velit incidunt aliquid tenetur necessitatibus. Officia sed est totam.', b'0', 'Élégant Nid du Vignoble', 86, 'elegant-nid-du-vignoble', 161),
('69d7d2ba-0c66-4678-85d7-73e020326c68', 5, 'Facilis iste ex excepturi consequatur ut. Sit distinctio animi ratione incidunt molestias. Totam est nobis doloribus harum ut.', b'0', 'Convivial Tour du Soleil', 33, 'convivial-tour-du-soleil', 168),
('74664d52-2619-4c95-8712-842f8eb8576f', 2, 'Veniam modi cum et corrupti. Et ut eos.', b'0', 'Agréable Écrin de la Vallée', 12, 'agreable-ecrin-de-la-vallee', 147),
('782c4832-d8b0-46fa-a109-5cfd0f1d6836', 1, 'Et facere et voluptates rem reprehenderit qui. Accusantium dolorum odit.', b'0', 'Agréable Auberge du Vignoble', 33, 'agreable-auberge-du-vignoble', 129),
('783dc8f9-8520-4852-9f88-58a3ef5164ea', 4, 'Nulla eveniet et culpa quidem blanditiis. Facilis reiciendis aut eius sunt id totam et. Rem et nemo illo dolorum omnis quis eligendi. Molestiae est quo modi hic animi.', b'0', 'Magique Bastide du Jardin', 60, 'magique-bastide-du-jardin', 172),
('7a6b839f-fb2b-4cb0-afd6-0ed301e313b6', 4, 'Error aspernatur autem officiis non perspiciatis. Cupiditate ipsam molestias. Molestiae explicabo voluptas molestiae excepturi alias et.', b'0', 'Spacieux Chalet du Soleil', 15, 'spacieux-chalet-du-soleil', 145),
('86b8b5ca-3417-4ee3-b0be-f2d6394a0648', 2, 'Qui minima alias et. Dolor illo mollitia corporis at neque quos itaque.', b'0', 'Douillet Écrin des Collines', 91, 'douillet-ecrin-des-collines', 164),
('86f229f3-91a2-4fa0-902d-eb6d49770665', 8, 'Molestiae quis et. Qui corrupti est maxime voluptates occaecati maiores. Omnis iste illo enim. In veniam natus.', b'0', 'Apaisant Cottage des Fleurs', 80, 'apaisant-cottage-des-fleurs', 144),
('8d53ae6b-0abf-4c2f-b20f-693ad9c4c1b0', 8, 'Dolorem sed placeat reiciendis enim quo fugiat. Sed voluptatem quia.', b'0', 'Vibrant Villa des Pins', 43, 'vibrant-villa-des-pins', 140),
('8e50f1fa-44f3-4e67-bc68-07fb02519da0', 2, 'Sit nisi rerum. Eum minus voluptatibus hic. Ut ut iusto quaerat. Laborum mollitia quo nam.', b'0', 'Rustique Château du Soleil', 48, 'rustique-chateau-du-soleil', 153),
('96fb1976-17b1-482c-a4f8-f9e66e6ed696', 6, 'Aperiam quia quidem commodi. Veniam veniam autem. Enim autem accusantium suscipit cupiditate.', b'0', 'Spacieux Havre de la Plage', 7, 'spacieux-havre-de-la-plage', 169),
('97975b47-9da3-4cd6-88ad-40697caada94', 6, 'Sit dolor nam placeat dolor consequuntur maiores voluptates. Non incidunt est dolorem quidem deleniti pariatur provident. Delectus ipsa voluptatibus perferendis atque autem repellat quod. Architecto voluptate asperiores omnis.', b'0', 'Sublime Domaine du Bois', 24, 'sublime-domaine-du-bois', 167),
('9daf59a8-5e7b-4bfe-abc9-a37070b98f30', 1, 'Cupiditate accusantium libero est laudantium quis. Rerum iure consectetur culpa. Voluptatum quibusdam quia recusandae odit voluptates laudantium.', b'0', 'Raffiné Gîte des Champs', 89, 'raffine-gite-des-champs', 134),
('9f31fa5f-a72c-4069-b613-decd43c378a9', 7, 'Qui maxime libero in modi. Voluptatem repellendus deleniti sit quibusdam illo ut voluptas. Quisquam natus et dolore ducimus aut odit.', b'0', 'Vibrant Château des Falaises', 11, 'vibrant-chateau-des-falaises', 162),
('a1db08cd-fda0-4f66-a835-33d1c2887548', 1, 'Tempore pariatur culpa amet placeat excepturi. Itaque ullam qui et.', b'0', 'Paisible Gîte du Jardin', 16, 'paisible-gite-du-jardin', 154),
('a3ee03a6-23fa-4cc3-ab25-e238cd802c41', 6, 'Magni impedit voluptas dicta. Non non dolor molestias eaque rerum. Quae est expedita in nobis laudantium.', b'0', 'Tranquille Lodge des Cascades', 75, 'tranquille-lodge-des-cascades', 170),
('a8d73190-5d0d-4402-9495-1d48a4602566', 2, 'Provident perferendis accusantium est nihil est enim consequatur. Dignissimos at nam quidem ad distinctio blanditiis. Magni vel dolores repellendus perspiciatis necessitatibus.', b'0', 'Tranquille Résidence des Champs', 67, 'tranquille-residence-des-champs', 131),
('b0ff04da-3a5e-486a-a267-2871c4bb290a', 3, 'Odit tenetur tempora quos. Accusamus rerum consequatur laudantium ut.', b'0', 'Enchanteur Refuge du Soleil', 12, 'enchanteur-refuge-du-soleil', 138),
('b70fcd10-2faa-4367-83da-311ad3f5a4af', 8, 'Et asperiores esse possimus ipsam ipsum. Est ipsum amet. Veniam numquam commodi nihil aut ut at. Velit nobis blanditiis excepturi ipsum odit.', b'0', 'Lumineux Refuge du Rocher', 85, 'lumineux-refuge-du-rocher', 160),
('bf7b39e8-f2ad-4318-bd29-7fc5109039ce', 4, 'Praesentium ex quas perferendis cupiditate. Perspiciatis et placeat occaecati. Et corrupti aut nesciunt aliquam. Nulla nulla vel hic temporibus deleniti.', b'0', 'Rustique Ferme des Près', 7, 'rustique-ferme-des-pres', 150),
('c0d8607a-2cd4-4cc8-aff2-dfbf4850b363', 4, 'Commodi vel et et incidunt ipsa est. Reprehenderit libero aspernatur blanditiis et consectetur est totam. Mollitia repellendus assumenda.', b'0', 'Chaleureux Cabane du Lac', 93, 'chaleureux-cabane-du-lac', 158),
('c5746689-025a-4d47-bd50-e14ef162d4c2', 8, 'Quia eos voluptatem. Nostrum minima atque. Cum cupiditate est illum voluptas dolorem.', b'0', 'Douillet Nid de la Mer', 58, 'douillet-nid-de-la-mer', 159),
('ca046f35-c5b2-4c44-b2c9-37bdddc51bec', 3, 'Delectus quisquam quo sunt alias et ut. Consectetur dolores iusto atque ut. Ut ut ullam tenetur commodi nisi ea.', b'0', 'Sublime Havre du Verger', 85, 'sublime-havre-du-verger', 151),
('d21e515c-d5aa-483b-a9a2-80bcff560238', 7, 'Ut nesciunt est aperiam odit dolorem. Voluptatem et expedita non recusandae. Perferendis inventore itaque dolorum. Nihil voluptas iure nobis rerum.', b'0', 'Enchanteur Cabane de la Clairière', 97, 'enchanteur-cabane-de-la-clairiere', 127),
('d2d74f04-d31a-440e-8e08-aef411371159', 2, 'Excepturi voluptatem et nemo rerum architecto corrupti labore. Iste consequuntur eius repellat.', b'0', 'Vibrant Pavillon des Étoiles', 4, 'vibrant-pavillon-des-etoiles', 146),
('dff42a20-18dc-462a-8f15-a0c9c2a03d79', 6, 'Quos consequatur ipsum cumque suscipit eum. Quas delectus a aut. Cumque velit et.', b'0', 'Pittoresque Villa de la Clairière', 70, 'pittoresque-villa-de-la-clairiere', 142),
('e08f7bb2-9968-455c-8af2-110c04f402c1', 5, 'Minus porro enim quidem eaque harum. Doloremque doloremque est atque commodi numquam culpa.', b'0', 'Spacieux Bastide du Soleil', 100, 'spacieux-bastide-du-soleil', 126),
('e905a384-f632-4bbf-9664-c2447187b64c', 2, 'Ut quas itaque est beatae aut pariatur maxime. Ut qui cumque.', b'0', 'Serene Lodge des Champs', 76, 'serene-lodge-des-champs', 166),
('ecf193b3-5cb6-42e1-a0a2-e813daf5512f', 8, 'Ea sapiente sint. Qui et nostrum nemo.', b'0', 'Apaisant Logis des Cascades', 8, 'apaisant-logis-des-cascades', 152);

--
-- Déchargement des données de la table `lodging_room`
--

INSERT INTO `lodging_room` (`lodging_id`, `room_id`) VALUES
('e08f7bb2-9968-455c-8af2-110c04f402c1', 1),
('e08f7bb2-9968-455c-8af2-110c04f402c1', 2),
('e08f7bb2-9968-455c-8af2-110c04f402c1', 3),
('e08f7bb2-9968-455c-8af2-110c04f402c1', 4),
('e08f7bb2-9968-455c-8af2-110c04f402c1', 7),
('e08f7bb2-9968-455c-8af2-110c04f402c1', 5),
('d21e515c-d5aa-483b-a9a2-80bcff560238', 1),
('d21e515c-d5aa-483b-a9a2-80bcff560238', 2),
('d21e515c-d5aa-483b-a9a2-80bcff560238', 3),
('d21e515c-d5aa-483b-a9a2-80bcff560238', 4),
('d21e515c-d5aa-483b-a9a2-80bcff560238', 8),
('d21e515c-d5aa-483b-a9a2-80bcff560238', 6),
('1aa8f75e-2113-4234-9315-141a1d20a424', 1),
('1aa8f75e-2113-4234-9315-141a1d20a424', 2),
('1aa8f75e-2113-4234-9315-141a1d20a424', 3),
('1aa8f75e-2113-4234-9315-141a1d20a424', 4),
('1aa8f75e-2113-4234-9315-141a1d20a424', 5),
('1aa8f75e-2113-4234-9315-141a1d20a424', 8),
('782c4832-d8b0-46fa-a109-5cfd0f1d6836', 1),
('782c4832-d8b0-46fa-a109-5cfd0f1d6836', 2),
('782c4832-d8b0-46fa-a109-5cfd0f1d6836', 3),
('782c4832-d8b0-46fa-a109-5cfd0f1d6836', 4),
('782c4832-d8b0-46fa-a109-5cfd0f1d6836', 5),
('04e6e3a7-1f72-43f2-82cc-e3782fd90235', 1),
('04e6e3a7-1f72-43f2-82cc-e3782fd90235', 2),
('04e6e3a7-1f72-43f2-82cc-e3782fd90235', 3),
('04e6e3a7-1f72-43f2-82cc-e3782fd90235', 4),
('04e6e3a7-1f72-43f2-82cc-e3782fd90235', 6),
('04e6e3a7-1f72-43f2-82cc-e3782fd90235', 8),
('a8d73190-5d0d-4402-9495-1d48a4602566', 1),
('a8d73190-5d0d-4402-9495-1d48a4602566', 2),
('a8d73190-5d0d-4402-9495-1d48a4602566', 3),
('a8d73190-5d0d-4402-9495-1d48a4602566', 4),
('a8d73190-5d0d-4402-9495-1d48a4602566', 9),
('08595adb-9c58-4ba2-9ae1-1c133715ba91', 1),
('08595adb-9c58-4ba2-9ae1-1c133715ba91', 2),
('08595adb-9c58-4ba2-9ae1-1c133715ba91', 3),
('08595adb-9c58-4ba2-9ae1-1c133715ba91', 4),
('08595adb-9c58-4ba2-9ae1-1c133715ba91', 5),
('531bc18f-1f83-4643-ba22-85af23594e5f', 1),
('531bc18f-1f83-4643-ba22-85af23594e5f', 2),
('531bc18f-1f83-4643-ba22-85af23594e5f', 3),
('531bc18f-1f83-4643-ba22-85af23594e5f', 4),
('531bc18f-1f83-4643-ba22-85af23594e5f', 5),
('531bc18f-1f83-4643-ba22-85af23594e5f', 8),
('9daf59a8-5e7b-4bfe-abc9-a37070b98f30', 1),
('9daf59a8-5e7b-4bfe-abc9-a37070b98f30', 2),
('9daf59a8-5e7b-4bfe-abc9-a37070b98f30', 3),
('9daf59a8-5e7b-4bfe-abc9-a37070b98f30', 4),
('9daf59a8-5e7b-4bfe-abc9-a37070b98f30', 10),
('9daf59a8-5e7b-4bfe-abc9-a37070b98f30', 6),
('9daf59a8-5e7b-4bfe-abc9-a37070b98f30', 9),
('260bafb3-25dd-4c84-8cb4-b8345d1c05b5', 1),
('260bafb3-25dd-4c84-8cb4-b8345d1c05b5', 2),
('260bafb3-25dd-4c84-8cb4-b8345d1c05b5', 3),
('260bafb3-25dd-4c84-8cb4-b8345d1c05b5', 4),
('260bafb3-25dd-4c84-8cb4-b8345d1c05b5', 7),
('260bafb3-25dd-4c84-8cb4-b8345d1c05b5', 6),
('260bafb3-25dd-4c84-8cb4-b8345d1c05b5', 8),
('260bafb3-25dd-4c84-8cb4-b8345d1c05b5', 9),
('2d8156f3-9d7a-47bb-ac57-048ec6d83ca3', 1),
('2d8156f3-9d7a-47bb-ac57-048ec6d83ca3', 2),
('2d8156f3-9d7a-47bb-ac57-048ec6d83ca3', 3),
('2d8156f3-9d7a-47bb-ac57-048ec6d83ca3', 4),
('2d8156f3-9d7a-47bb-ac57-048ec6d83ca3', 10),
('5120ecc7-ed0d-4b9f-b4f5-a3e926fafb57', 1),
('5120ecc7-ed0d-4b9f-b4f5-a3e926fafb57', 2),
('5120ecc7-ed0d-4b9f-b4f5-a3e926fafb57', 3),
('5120ecc7-ed0d-4b9f-b4f5-a3e926fafb57', 4),
('5120ecc7-ed0d-4b9f-b4f5-a3e926fafb57', 5),
('5120ecc7-ed0d-4b9f-b4f5-a3e926fafb57', 8),
('b0ff04da-3a5e-486a-a267-2871c4bb290a', 1),
('b0ff04da-3a5e-486a-a267-2871c4bb290a', 2),
('b0ff04da-3a5e-486a-a267-2871c4bb290a', 3),
('b0ff04da-3a5e-486a-a267-2871c4bb290a', 4),
('b0ff04da-3a5e-486a-a267-2871c4bb290a', 10),
('b0ff04da-3a5e-486a-a267-2871c4bb290a', 7),
('b0ff04da-3a5e-486a-a267-2871c4bb290a', 8),
('346c3d14-59ba-4b78-8834-64e69fd19956', 1),
('346c3d14-59ba-4b78-8834-64e69fd19956', 2),
('346c3d14-59ba-4b78-8834-64e69fd19956', 3),
('346c3d14-59ba-4b78-8834-64e69fd19956', 4),
('346c3d14-59ba-4b78-8834-64e69fd19956', 8),
('346c3d14-59ba-4b78-8834-64e69fd19956', 5),
('8d53ae6b-0abf-4c2f-b20f-693ad9c4c1b0', 1),
('8d53ae6b-0abf-4c2f-b20f-693ad9c4c1b0', 2),
('8d53ae6b-0abf-4c2f-b20f-693ad9c4c1b0', 3),
('8d53ae6b-0abf-4c2f-b20f-693ad9c4c1b0', 4),
('8d53ae6b-0abf-4c2f-b20f-693ad9c4c1b0', 10),
('8d53ae6b-0abf-4c2f-b20f-693ad9c4c1b0', 8),
('01cc1a8b-b498-4d2f-9f2e-c0981b5926e2', 1),
('01cc1a8b-b498-4d2f-9f2e-c0981b5926e2', 2),
('01cc1a8b-b498-4d2f-9f2e-c0981b5926e2', 3),
('01cc1a8b-b498-4d2f-9f2e-c0981b5926e2', 4),
('01cc1a8b-b498-4d2f-9f2e-c0981b5926e2', 7),
('01cc1a8b-b498-4d2f-9f2e-c0981b5926e2', 10),
('dff42a20-18dc-462a-8f15-a0c9c2a03d79', 1),
('dff42a20-18dc-462a-8f15-a0c9c2a03d79', 2),
('dff42a20-18dc-462a-8f15-a0c9c2a03d79', 3),
('dff42a20-18dc-462a-8f15-a0c9c2a03d79', 4),
('dff42a20-18dc-462a-8f15-a0c9c2a03d79', 6),
('dff42a20-18dc-462a-8f15-a0c9c2a03d79', 5),
('55b190dd-19c9-42ee-b0fa-4f57fd4d88dd', 1),
('55b190dd-19c9-42ee-b0fa-4f57fd4d88dd', 2),
('55b190dd-19c9-42ee-b0fa-4f57fd4d88dd', 3),
('55b190dd-19c9-42ee-b0fa-4f57fd4d88dd', 4),
('55b190dd-19c9-42ee-b0fa-4f57fd4d88dd', 9),
('55b190dd-19c9-42ee-b0fa-4f57fd4d88dd', 10),
('55b190dd-19c9-42ee-b0fa-4f57fd4d88dd', 8),
('86f229f3-91a2-4fa0-902d-eb6d49770665', 1),
('86f229f3-91a2-4fa0-902d-eb6d49770665', 2),
('86f229f3-91a2-4fa0-902d-eb6d49770665', 3),
('86f229f3-91a2-4fa0-902d-eb6d49770665', 4),
('86f229f3-91a2-4fa0-902d-eb6d49770665', 5),
('86f229f3-91a2-4fa0-902d-eb6d49770665', 9),
('86f229f3-91a2-4fa0-902d-eb6d49770665', 7),
('7a6b839f-fb2b-4cb0-afd6-0ed301e313b6', 1),
('7a6b839f-fb2b-4cb0-afd6-0ed301e313b6', 2),
('7a6b839f-fb2b-4cb0-afd6-0ed301e313b6', 3),
('7a6b839f-fb2b-4cb0-afd6-0ed301e313b6', 4),
('7a6b839f-fb2b-4cb0-afd6-0ed301e313b6', 6),
('7a6b839f-fb2b-4cb0-afd6-0ed301e313b6', 7),
('7a6b839f-fb2b-4cb0-afd6-0ed301e313b6', 10),
('d2d74f04-d31a-440e-8e08-aef411371159', 1),
('d2d74f04-d31a-440e-8e08-aef411371159', 2),
('d2d74f04-d31a-440e-8e08-aef411371159', 3),
('d2d74f04-d31a-440e-8e08-aef411371159', 4),
('d2d74f04-d31a-440e-8e08-aef411371159', 6),
('d2d74f04-d31a-440e-8e08-aef411371159', 10),
('74664d52-2619-4c95-8712-842f8eb8576f', 1),
('74664d52-2619-4c95-8712-842f8eb8576f', 2),
('74664d52-2619-4c95-8712-842f8eb8576f', 3),
('74664d52-2619-4c95-8712-842f8eb8576f', 4),
('74664d52-2619-4c95-8712-842f8eb8576f', 7),
('00686e16-7bee-46a5-b3a5-2f7964fa9a93', 1),
('00686e16-7bee-46a5-b3a5-2f7964fa9a93', 2),
('00686e16-7bee-46a5-b3a5-2f7964fa9a93', 3),
('00686e16-7bee-46a5-b3a5-2f7964fa9a93', 4),
('00686e16-7bee-46a5-b3a5-2f7964fa9a93', 5),
('00686e16-7bee-46a5-b3a5-2f7964fa9a93', 9),
('00686e16-7bee-46a5-b3a5-2f7964fa9a93', 10),
('4d13a0e5-965d-42f8-b43a-942cc42245aa', 1),
('4d13a0e5-965d-42f8-b43a-942cc42245aa', 2),
('4d13a0e5-965d-42f8-b43a-942cc42245aa', 3),
('4d13a0e5-965d-42f8-b43a-942cc42245aa', 4),
('4d13a0e5-965d-42f8-b43a-942cc42245aa', 9),
('bf7b39e8-f2ad-4318-bd29-7fc5109039ce', 1),
('bf7b39e8-f2ad-4318-bd29-7fc5109039ce', 2),
('bf7b39e8-f2ad-4318-bd29-7fc5109039ce', 3),
('bf7b39e8-f2ad-4318-bd29-7fc5109039ce', 4),
('bf7b39e8-f2ad-4318-bd29-7fc5109039ce', 5),
('bf7b39e8-f2ad-4318-bd29-7fc5109039ce', 7),
('bf7b39e8-f2ad-4318-bd29-7fc5109039ce', 10),
('ca046f35-c5b2-4c44-b2c9-37bdddc51bec', 1),
('ca046f35-c5b2-4c44-b2c9-37bdddc51bec', 2),
('ca046f35-c5b2-4c44-b2c9-37bdddc51bec', 3),
('ca046f35-c5b2-4c44-b2c9-37bdddc51bec', 4),
('ca046f35-c5b2-4c44-b2c9-37bdddc51bec', 8),
('ca046f35-c5b2-4c44-b2c9-37bdddc51bec', 6),
('ca046f35-c5b2-4c44-b2c9-37bdddc51bec', 10),
('ecf193b3-5cb6-42e1-a0a2-e813daf5512f', 1),
('ecf193b3-5cb6-42e1-a0a2-e813daf5512f', 2),
('ecf193b3-5cb6-42e1-a0a2-e813daf5512f', 3),
('ecf193b3-5cb6-42e1-a0a2-e813daf5512f', 4),
('ecf193b3-5cb6-42e1-a0a2-e813daf5512f', 6),
('ecf193b3-5cb6-42e1-a0a2-e813daf5512f', 9),
('8e50f1fa-44f3-4e67-bc68-07fb02519da0', 1),
('8e50f1fa-44f3-4e67-bc68-07fb02519da0', 2),
('8e50f1fa-44f3-4e67-bc68-07fb02519da0', 3),
('8e50f1fa-44f3-4e67-bc68-07fb02519da0', 4),
('8e50f1fa-44f3-4e67-bc68-07fb02519da0', 10),
('a1db08cd-fda0-4f66-a835-33d1c2887548', 1),
('a1db08cd-fda0-4f66-a835-33d1c2887548', 2),
('a1db08cd-fda0-4f66-a835-33d1c2887548', 3),
('a1db08cd-fda0-4f66-a835-33d1c2887548', 4),
('a1db08cd-fda0-4f66-a835-33d1c2887548', 8),
('4d19cc9b-1459-4cce-96e8-88b14a9bb4b4', 1),
('4d19cc9b-1459-4cce-96e8-88b14a9bb4b4', 2),
('4d19cc9b-1459-4cce-96e8-88b14a9bb4b4', 3),
('4d19cc9b-1459-4cce-96e8-88b14a9bb4b4', 4),
('4d19cc9b-1459-4cce-96e8-88b14a9bb4b4', 6),
('4d19cc9b-1459-4cce-96e8-88b14a9bb4b4', 7),
('5bdfabbb-42f0-42d1-93fe-e0c7f5310985', 1),
('5bdfabbb-42f0-42d1-93fe-e0c7f5310985', 2),
('5bdfabbb-42f0-42d1-93fe-e0c7f5310985', 3),
('5bdfabbb-42f0-42d1-93fe-e0c7f5310985', 4),
('5bdfabbb-42f0-42d1-93fe-e0c7f5310985', 8),
('30146298-ac84-4c22-9432-2134ee0ca0b6', 1),
('30146298-ac84-4c22-9432-2134ee0ca0b6', 2),
('30146298-ac84-4c22-9432-2134ee0ca0b6', 3),
('30146298-ac84-4c22-9432-2134ee0ca0b6', 4),
('30146298-ac84-4c22-9432-2134ee0ca0b6', 7),
('30146298-ac84-4c22-9432-2134ee0ca0b6', 9),
('30146298-ac84-4c22-9432-2134ee0ca0b6', 5),
('c0d8607a-2cd4-4cc8-aff2-dfbf4850b363', 1),
('c0d8607a-2cd4-4cc8-aff2-dfbf4850b363', 2),
('c0d8607a-2cd4-4cc8-aff2-dfbf4850b363', 3),
('c0d8607a-2cd4-4cc8-aff2-dfbf4850b363', 4),
('c0d8607a-2cd4-4cc8-aff2-dfbf4850b363', 10),
('c0d8607a-2cd4-4cc8-aff2-dfbf4850b363', 5),
('c5746689-025a-4d47-bd50-e14ef162d4c2', 1),
('c5746689-025a-4d47-bd50-e14ef162d4c2', 2),
('c5746689-025a-4d47-bd50-e14ef162d4c2', 3),
('c5746689-025a-4d47-bd50-e14ef162d4c2', 4),
('c5746689-025a-4d47-bd50-e14ef162d4c2', 7),
('c5746689-025a-4d47-bd50-e14ef162d4c2', 9),
('b70fcd10-2faa-4367-83da-311ad3f5a4af', 1),
('b70fcd10-2faa-4367-83da-311ad3f5a4af', 2),
('b70fcd10-2faa-4367-83da-311ad3f5a4af', 3),
('b70fcd10-2faa-4367-83da-311ad3f5a4af', 4),
('b70fcd10-2faa-4367-83da-311ad3f5a4af', 8),
('b70fcd10-2faa-4367-83da-311ad3f5a4af', 10),
('64891250-fff1-4b45-8424-934bd7b4a136', 1),
('64891250-fff1-4b45-8424-934bd7b4a136', 2),
('64891250-fff1-4b45-8424-934bd7b4a136', 3),
('64891250-fff1-4b45-8424-934bd7b4a136', 4),
('64891250-fff1-4b45-8424-934bd7b4a136', 8),
('9f31fa5f-a72c-4069-b613-decd43c378a9', 1),
('9f31fa5f-a72c-4069-b613-decd43c378a9', 2),
('9f31fa5f-a72c-4069-b613-decd43c378a9', 3),
('9f31fa5f-a72c-4069-b613-decd43c378a9', 4),
('9f31fa5f-a72c-4069-b613-decd43c378a9', 9),
('1cd3fd48-ad02-4e16-9fc4-4df594d8ee78', 1),
('1cd3fd48-ad02-4e16-9fc4-4df594d8ee78', 2),
('1cd3fd48-ad02-4e16-9fc4-4df594d8ee78', 3),
('1cd3fd48-ad02-4e16-9fc4-4df594d8ee78', 4),
('1cd3fd48-ad02-4e16-9fc4-4df594d8ee78', 9),
('1cd3fd48-ad02-4e16-9fc4-4df594d8ee78', 7),
('86b8b5ca-3417-4ee3-b0be-f2d6394a0648', 1),
('86b8b5ca-3417-4ee3-b0be-f2d6394a0648', 2),
('86b8b5ca-3417-4ee3-b0be-f2d6394a0648', 3),
('86b8b5ca-3417-4ee3-b0be-f2d6394a0648', 4),
('86b8b5ca-3417-4ee3-b0be-f2d6394a0648', 6),
('86b8b5ca-3417-4ee3-b0be-f2d6394a0648', 8),
('34a8defe-ad1d-4862-959d-584e14e935a3', 1),
('34a8defe-ad1d-4862-959d-584e14e935a3', 2),
('34a8defe-ad1d-4862-959d-584e14e935a3', 3),
('34a8defe-ad1d-4862-959d-584e14e935a3', 4),
('34a8defe-ad1d-4862-959d-584e14e935a3', 7),
('34a8defe-ad1d-4862-959d-584e14e935a3', 9),
('34a8defe-ad1d-4862-959d-584e14e935a3', 10),
('e905a384-f632-4bbf-9664-c2447187b64c', 1),
('e905a384-f632-4bbf-9664-c2447187b64c', 2),
('e905a384-f632-4bbf-9664-c2447187b64c', 3),
('e905a384-f632-4bbf-9664-c2447187b64c', 4),
('e905a384-f632-4bbf-9664-c2447187b64c', 9),
('e905a384-f632-4bbf-9664-c2447187b64c', 10),
('e905a384-f632-4bbf-9664-c2447187b64c', 7),
('e905a384-f632-4bbf-9664-c2447187b64c', 6),
('97975b47-9da3-4cd6-88ad-40697caada94', 1),
('97975b47-9da3-4cd6-88ad-40697caada94', 2),
('97975b47-9da3-4cd6-88ad-40697caada94', 3),
('97975b47-9da3-4cd6-88ad-40697caada94', 4),
('97975b47-9da3-4cd6-88ad-40697caada94', 9),
('97975b47-9da3-4cd6-88ad-40697caada94', 10),
('69d7d2ba-0c66-4678-85d7-73e020326c68', 1),
('69d7d2ba-0c66-4678-85d7-73e020326c68', 2),
('69d7d2ba-0c66-4678-85d7-73e020326c68', 3),
('69d7d2ba-0c66-4678-85d7-73e020326c68', 4),
('69d7d2ba-0c66-4678-85d7-73e020326c68', 9),
('96fb1976-17b1-482c-a4f8-f9e66e6ed696', 1),
('96fb1976-17b1-482c-a4f8-f9e66e6ed696', 2),
('96fb1976-17b1-482c-a4f8-f9e66e6ed696', 3),
('96fb1976-17b1-482c-a4f8-f9e66e6ed696', 4),
('96fb1976-17b1-482c-a4f8-f9e66e6ed696', 9),
('96fb1976-17b1-482c-a4f8-f9e66e6ed696', 10),
('a3ee03a6-23fa-4cc3-ab25-e238cd802c41', 1),
('a3ee03a6-23fa-4cc3-ab25-e238cd802c41', 2),
('a3ee03a6-23fa-4cc3-ab25-e238cd802c41', 3),
('a3ee03a6-23fa-4cc3-ab25-e238cd802c41', 4),
('a3ee03a6-23fa-4cc3-ab25-e238cd802c41', 9),
('a3ee03a6-23fa-4cc3-ab25-e238cd802c41', 5),
('a3ee03a6-23fa-4cc3-ab25-e238cd802c41', 10),
('31cd9be0-538a-4405-b3c2-4d65f8f0bf19', 1),
('31cd9be0-538a-4405-b3c2-4d65f8f0bf19', 2),
('31cd9be0-538a-4405-b3c2-4d65f8f0bf19', 3),
('31cd9be0-538a-4405-b3c2-4d65f8f0bf19', 4),
('31cd9be0-538a-4405-b3c2-4d65f8f0bf19', 7),
('31cd9be0-538a-4405-b3c2-4d65f8f0bf19', 9),
('783dc8f9-8520-4852-9f88-58a3ef5164ea', 1),
('783dc8f9-8520-4852-9f88-58a3ef5164ea', 2),
('783dc8f9-8520-4852-9f88-58a3ef5164ea', 3),
('783dc8f9-8520-4852-9f88-58a3ef5164ea', 4),
('783dc8f9-8520-4852-9f88-58a3ef5164ea', 7),
('36f0182a-5da5-4515-9a6e-1b15a455b890', 1),
('36f0182a-5da5-4515-9a6e-1b15a455b890', 2),
('36f0182a-5da5-4515-9a6e-1b15a455b890', 3),
('36f0182a-5da5-4515-9a6e-1b15a455b890', 4),
('36f0182a-5da5-4515-9a6e-1b15a455b890', 5),
('36f0182a-5da5-4515-9a6e-1b15a455b890', 9),
('5d1e0d0f-6da6-4c86-8d2a-874cff08e005', 1),
('5d1e0d0f-6da6-4c86-8d2a-874cff08e005', 2),
('5d1e0d0f-6da6-4c86-8d2a-874cff08e005', 3),
('5d1e0d0f-6da6-4c86-8d2a-874cff08e005', 4),
('5d1e0d0f-6da6-4c86-8d2a-874cff08e005', 7),
('592ddae3-3c13-44fd-b0f9-e7766d455536', 1),
('592ddae3-3c13-44fd-b0f9-e7766d455536', 2),
('592ddae3-3c13-44fd-b0f9-e7766d455536', 3),
('592ddae3-3c13-44fd-b0f9-e7766d455536', 4),
('592ddae3-3c13-44fd-b0f9-e7766d455536', 5),
('592ddae3-3c13-44fd-b0f9-e7766d455536', 7);

--
-- Déchargement des données de la table `review`
--

INSERT INTO `review` (`id`, `content`, `created_at`, `rating`, `lodging_id`, `user_id`) VALUES
(1, 'Adventure. Excitement. A Jedi craves not these things.', '2024-10-07 15:15:16.378355', 3.18407, '74664d52-2619-4c95-8712-842f8eb8576f', '39d448bd-1f9f-41e1-9bb0-40993420beda'),
(2, 'Use your feelings, Obi-Wan, and find him you will.', '2024-10-07 15:15:16.413354', 0.642774, '86b8b5ca-3417-4ee3-b0be-f2d6394a0648', 'b9d696f7-3fe3-4fb0-8ccb-0d410eb4dd71'),
(3, 'Reckless he is. Matters are worse.', '2024-10-07 15:15:16.439145', 2.79264, '86f229f3-91a2-4fa0-902d-eb6d49770665', 'f4ebeeed-afc9-48ef-b04b-40cebe1ad3f1'),
(4, 'That is why you fail.', '2024-10-07 15:15:16.467414', 2.35795, '5bdfabbb-42f0-42d1-93fe-e0c7f5310985', '9ec65c17-cdf1-49c8-8e1d-fad64884457d'),
(5, 'Reckless he is. Matters are worse.', '2024-10-07 15:15:16.494645', 2.92799, 'b0ff04da-3a5e-486a-a267-2871c4bb290a', 'f554920b-cd32-4b36-8be0-c79745dd2103'),
(6, 'Reckless he is. Matters are worse.', '2024-10-07 15:15:16.520626', 1.68275, 'c0d8607a-2cd4-4cc8-aff2-dfbf4850b363', '7187272d-7b44-4cb7-87b9-4bda6de0f489'),
(7, 'Do. Or do not. There is no try.', '2024-10-07 15:15:16.550167', 2.37147, '9f31fa5f-a72c-4069-b613-decd43c378a9', 'b9dc0cc3-e29c-4288-927e-2c7f92827db1'),
(8, 'Much to learn you still have my old padawan. ... This is just the beginning!', '2024-10-07 15:15:16.574549', 4.41874, 'b0ff04da-3a5e-486a-a267-2871c4bb290a', '9336eca3-846d-4ebd-b3e2-febbce4bf948'),
(9, 'Mudhole? Slimy? My home this is!', '2024-10-07 15:15:16.599219', 4.73363, '34a8defe-ad1d-4862-959d-584e14e935a3', 'c23d01f0-278e-4077-b3fd-9a5d057bf8b1'),
(10, 'Ow, ow, OW! On my ear you are!', '2024-10-07 15:15:16.628396', 2.83381, '69d7d2ba-0c66-4678-85d7-73e020326c68', '05a3cdb1-6264-417d-bf89-97b716855562'),
(11, 'Younglings, younglings gather ’round.', '2024-10-07 15:15:16.644473', 0.272308, 'bf7b39e8-f2ad-4318-bd29-7fc5109039ce', 'e993c41a-adda-4c0e-bcbb-17fd8200c738'),
(12, 'Size matters not. Look at me. Judge me by my size, do you? Hmm? Hmm. And well you should not. For my ally is the Force, and a powerful ally it is. Life creates it, makes it grow. Its energy surrounds us and binds us. Luminous beings are we, not this crude matter. You must feel the Force around you; here, between you, me, the tree, the rock, everywhere, yes. Even between the land and the ship.', '2024-10-07 15:15:16.665588', 0.278905, '4d13a0e5-965d-42f8-b43a-942cc42245aa', 'bfcea597-bc2a-4429-b43c-31eaf4840a22'),
(13, 'Adventure. Excitement. A Jedi craves not these things.', '2024-10-07 15:15:16.693280', 3.37089, 'ecf193b3-5cb6-42e1-a0a2-e813daf5512f', 'e949b2d0-92db-4528-8231-706e6a3340e9'),
(14, 'Size matters not. Look at me. Judge me by my size, do you? Hmm? Hmm. And well you should not. For my ally is the Force, and a powerful ally it is. Life creates it, makes it grow. Its energy surrounds us and binds us. Luminous beings are we, not this crude matter. You must feel the Force around you; here, between you, me, the tree, the rock, everywhere, yes. Even between the land and the ship.', '2024-10-07 15:15:16.720666', 0.884913, '86b8b5ca-3417-4ee3-b0be-f2d6394a0648', '282d6276-0093-463c-a560-ac3e92f1da78'),
(15, 'Mudhole? Slimy? My home this is!', '2024-10-07 15:15:16.746317', 2.89827, 'bf7b39e8-f2ad-4318-bd29-7fc5109039ce', '2220f7ea-9158-47e8-842e-8179502b3a91'),
(16, 'Good relations with the Wookiees, I have.', '2024-10-07 15:15:16.766362', 1.75522, '9f31fa5f-a72c-4069-b613-decd43c378a9', 'da61626c-cdd7-4170-83f2-58bcb98bb89d'),
(17, 'Good relations with the Wookiees, I have.', '2024-10-07 15:15:16.788005', 0.0441515, '74664d52-2619-4c95-8712-842f8eb8576f', 'c23d01f0-278e-4077-b3fd-9a5d057bf8b1'),
(18, 'Around the survivors a perimeter create.', '2024-10-07 15:15:16.810743', 2.66336, '9daf59a8-5e7b-4bfe-abc9-a37070b98f30', '1f1ad6fe-d1f0-44e5-bd91-8e89b65610e7'),
(19, 'Pain, suffering, death I feel. Something terrible has happened. Young Skywalker is in pain. Terrible pain', '2024-10-07 15:15:16.837254', 1.67558, 'e905a384-f632-4bbf-9664-c2447187b64c', '7b668565-2a22-4b0b-a5e2-102df7a1099d'),
(20, 'Your weapons, you will not need them.', '2024-10-07 15:15:16.859770', 2.47862, 'b70fcd10-2faa-4367-83da-311ad3f5a4af', '4bc3ec7b-2b0e-4f6d-8303-e9c5d5ae8b8a'),
(21, 'Luminous beings are we - not this crude matter.', '2024-10-07 15:15:16.884211', 0.233815, '592ddae3-3c13-44fd-b0f9-e7766d455536', '8783fce1-93d9-4527-be53-595dcfc34b90'),
(22, 'Not if anything to say about it I have', '2024-10-07 15:15:16.908188', 1.32449, '96fb1976-17b1-482c-a4f8-f9e66e6ed696', 'f9d652b1-52ed-4308-9565-b21c5a4c3cd0'),
(23, 'Truly wonderful, the mind of a child is.', '2024-10-07 15:15:16.936358', 0.956947, 'c0d8607a-2cd4-4cc8-aff2-dfbf4850b363', 'cfe79129-a1d7-43f2-b3c9-36cf6c9bc767'),
(24, 'Adventure. Excitement. A Jedi craves not these things.', '2024-10-07 15:15:16.958590', 3.7297, '01cc1a8b-b498-4d2f-9f2e-c0981b5926e2', '3864ffa4-7c07-422a-850e-aa6eb16611cf'),
(25, 'Ow, ow, OW! On my ear you are!', '2024-10-07 15:15:16.986641', 1.12039, 'dff42a20-18dc-462a-8f15-a0c9c2a03d79', '7bcf1e26-d44b-4e64-a074-8c95d627d727'),
(26, 'Pain, suffering, death I feel. Something terrible has happened. Young Skywalker is in pain. Terrible pain', '2024-10-07 15:15:17.010199', 4.86531, '9f31fa5f-a72c-4069-b613-decd43c378a9', '1206a0ad-c6b5-4e5f-94f4-f85d3d14799b'),
(27, 'Pain, suffering, death I feel. Something terrible has happened. Young Skywalker is in pain. Terrible pain', '2024-10-07 15:15:17.040270', 2.71198, '04e6e3a7-1f72-43f2-82cc-e3782fd90235', 'cfe79129-a1d7-43f2-b3c9-36cf6c9bc767'),
(28, 'Much to learn you still have my old padawan. ... This is just the beginning!', '2024-10-07 15:15:17.064095', 2.93333, '5bdfabbb-42f0-42d1-93fe-e0c7f5310985', '21274eea-a884-4586-bcdb-a3beec4074a0'),
(29, 'Soon will I rest, yes, forever sleep. Earned it I have. Twilight is upon me, soon night must fall.', '2024-10-07 15:15:17.084688', 0.755443, '69d7d2ba-0c66-4678-85d7-73e020326c68', '2220f7ea-9158-47e8-842e-8179502b3a91'),
(30, 'Ready are you? What know you of ready? For eight hundred years have I trained Jedi. My own counsel will I keep on who is to be trained. A Jedi must have the deepest commitment, the most serious mind. This one a long time have I watched. All his life has he looked away - to the future, to the horizon. Never his mind on where he was. Hmm? What he was doing. Hmph. Adventure. Heh. Excitement. Heh. A Jedi craves not these things. You are reckless.', '2024-10-07 15:15:17.112689', 0.14583, '8e50f1fa-44f3-4e67-bc68-07fb02519da0', '2d0f8f56-d9dc-45fe-ba0e-90909cce6156'),
(31, 'Clear your mind must be, if you are to find the villains behind this plot.', '2024-10-07 15:15:17.145720', 4.44902, '04e6e3a7-1f72-43f2-82cc-e3782fd90235', '93ab7aa4-7bf8-4df3-a148-dd04353a618c'),
(32, 'Difficult to see. Always in motion is the future...', '2024-10-07 15:15:17.173258', 3.72377, 'd21e515c-d5aa-483b-a9a2-80bcff560238', '7187272d-7b44-4cb7-87b9-4bda6de0f489'),
(33, 'Use your feelings, Obi-Wan, and find him you will.', '2024-10-07 15:15:17.196668', 2.55501, '96fb1976-17b1-482c-a4f8-f9e66e6ed696', '93ab7aa4-7bf8-4df3-a148-dd04353a618c'),
(34, 'Strong is Vader. Mind what you have learned. Save you it can.', '2024-10-07 15:15:17.216424', 1.37104, '5120ecc7-ed0d-4b9f-b4f5-a3e926fafb57', 'e92347f4-1ea2-4301-852a-25aa9ca1c163'),
(35, 'Much to learn you still have my old padawan. ... This is just the beginning!', '2024-10-07 15:15:17.242840', 4.55181, '5d1e0d0f-6da6-4c86-8d2a-874cff08e005', 'a4dad827-476b-4502-9b43-5614d2586fae'),
(36, 'Your weapons, you will not need them.', '2024-10-07 15:15:17.268574', 1.61367, '260bafb3-25dd-4c84-8cb4-b8345d1c05b5', '4bc3ec7b-2b0e-4f6d-8303-e9c5d5ae8b8a'),
(37, 'Truly wonderful, the mind of a child is.', '2024-10-07 15:15:17.299622', 4.00855, '00686e16-7bee-46a5-b3a5-2f7964fa9a93', 'cbe3c308-78cf-4b6a-87d2-28b9aa4281c2'),
(38, 'Truly wonderful, the mind of a child is.', '2024-10-07 15:15:17.330109', 2.81143, 'b0ff04da-3a5e-486a-a267-2871c4bb290a', '8ffa1e47-70b8-4670-b599-ad924d4558f5'),
(39, 'Ow, ow, OW! On my ear you are!', '2024-10-07 15:15:17.356195', 3.36005, '7a6b839f-fb2b-4cb0-afd6-0ed301e313b6', 'e92347f4-1ea2-4301-852a-25aa9ca1c163'),
(40, 'Truly wonderful, the mind of a child is.', '2024-10-07 15:15:17.386897', 2.07849, '1aa8f75e-2113-4234-9315-141a1d20a424', 'fcdf5535-ae5f-4ed9-8119-d9ba4e3feceb'),
(41, 'Clear your mind must be, if you are to find the villains behind this plot.', '2024-10-07 15:15:17.412929', 2.71998, '1aa8f75e-2113-4234-9315-141a1d20a424', '5769eff3-3f47-4c30-9847-e80aa7de6a7c'),
(42, 'Always pass on what you have learned.', '2024-10-07 15:15:17.442214', 1.52142, '5d1e0d0f-6da6-4c86-8d2a-874cff08e005', 'ada6ea81-b12f-4191-9b6e-30ca86be3438'),
(43, 'Mudhole? Slimy? My home this is!', '2024-10-07 15:15:17.463779', 3.87453, '5bdfabbb-42f0-42d1-93fe-e0c7f5310985', '2d85f3a0-5b74-4be1-94c7-b88589f0cb8b'),
(44, 'Younglings, younglings gather ’round.', '2024-10-07 15:15:17.493976', 3.30275, 'b70fcd10-2faa-4367-83da-311ad3f5a4af', '2d0f8f56-d9dc-45fe-ba0e-90909cce6156'),
(45, 'Strong is Vader. Mind what you have learned. Save you it can.', '2024-10-07 15:15:17.523385', 1.02717, 'd2d74f04-d31a-440e-8e08-aef411371159', '414ae083-63f0-455f-9881-80ff2804937d'),
(46, 'Yes, a Jedi’s strength flows from the Force. But beware of the dark side. Anger, fear, aggression; the dark side of the Force are they. Easily they flow, quick to join you in a fight. If once you start down the dark path, forever will it dominate your destiny, consume you it will, as it did Obi-Wan’s apprentice.', '2024-10-07 15:15:17.550047', 1.95302, 'd2d74f04-d31a-440e-8e08-aef411371159', 'c1ea88c0-e819-463f-81ce-d7cce2adec26'),
(47, 'Strong is Vader. Mind what you have learned. Save you it can.', '2024-10-07 15:15:17.573453', 2.92581, '30146298-ac84-4c22-9432-2134ee0ca0b6', '4775e0f8-f507-43c8-bae5-7b8311dddb6d'),
(48, 'Through the Force, things you will see. Other places. The future - the past. Old friends long gone.', '2024-10-07 15:15:17.598553', 3.92508, '783dc8f9-8520-4852-9f88-58a3ef5164ea', 'e92347f4-1ea2-4301-852a-25aa9ca1c163'),
(49, 'Ready are you? What know you of ready? For eight hundred years have I trained Jedi. My own counsel will I keep on who is to be trained. A Jedi must have the deepest commitment, the most serious mind. This one a long time have I watched. All his life has he looked away - to the future, to the horizon. Never his mind on where he was. Hmm? What he was doing. Hmph. Adventure. Heh. Excitement. Heh. A Jedi craves not these things. You are reckless.', '2024-10-07 15:15:17.625260', 2.4828, '8d53ae6b-0abf-4c2f-b20f-693ad9c4c1b0', '418dc57c-703f-4252-bce7-683b93ec2a8b'),
(50, 'Through the Force, things you will see. Other places. The future - the past. Old friends long gone.', '2024-10-07 15:15:17.653299', 0.655575, '5bdfabbb-42f0-42d1-93fe-e0c7f5310985', '8ffa1e47-70b8-4670-b599-ad924d4558f5'),
(51, 'At an end your rule is, and not short enough it was!', '2024-10-07 15:15:17.683679', 2.00916, '55b190dd-19c9-42ee-b0fa-4f57fd4d88dd', '70228ee8-e30a-427b-afb3-e1d4eabb0474'),
(52, 'Strong is Vader. Mind what you have learned. Save you it can.', '2024-10-07 15:15:17.704103', 1.8662, '4d19cc9b-1459-4cce-96e8-88b14a9bb4b4', 'd2d1a900-f8d3-42d6-ad28-9c619828dc91'),
(53, 'Do not assume anything Obi-Wan. Clear your mind must be if you are to discover the real villains behind this plot.', '2024-10-07 15:15:17.725389', 4.42129, 'e905a384-f632-4bbf-9664-c2447187b64c', '81374c2d-e5fc-46bb-b867-77b9cfb26632'),
(54, 'That is why you fail.', '2024-10-07 15:15:17.747999', 0.702975, '8e50f1fa-44f3-4e67-bc68-07fb02519da0', 'df09b2f3-2e0f-469e-8e2b-90c516e35969'),
(55, 'Size matters not. Look at me. Judge me by my size, do you? Hmm? Hmm. And well you should not. For my ally is the Force, and a powerful ally it is. Life creates it, makes it grow. Its energy surrounds us and binds us. Luminous beings are we, not this crude matter. You must feel the Force around you; here, between you, me, the tree, the rock, everywhere, yes. Even between the land and the ship.', '2024-10-07 15:15:17.766059', 1.7597, '1cd3fd48-ad02-4e16-9fc4-4df594d8ee78', '9a8f5355-384a-4b11-ac7b-91c260857c34'),
(56, 'To answer power with power, the Jedi way this is not. In this war, a danger there is, of losing who we are.', '2024-10-07 15:15:17.799101', 3.72734, 'b0ff04da-3a5e-486a-a267-2871c4bb290a', '4bc3ec7b-2b0e-4f6d-8303-e9c5d5ae8b8a'),
(57, 'Use your feelings, Obi-Wan, and find him you will.', '2024-10-07 15:15:17.829039', 0.685639, '8d53ae6b-0abf-4c2f-b20f-693ad9c4c1b0', '424fbd68-e80e-4672-a594-711a78fd36bc'),
(58, 'Use your feelings, Obi-Wan, and find him you will.', '2024-10-07 15:15:17.857037', 2.09605, '1aa8f75e-2113-4234-9315-141a1d20a424', '7bcf1e26-d44b-4e64-a074-8c95d627d727'),
(59, 'Good relations with the Wookiees, I have.', '2024-10-07 15:15:17.884040', 0.217625, 'a3ee03a6-23fa-4cc3-ab25-e238cd802c41', '4bc3ec7b-2b0e-4f6d-8303-e9c5d5ae8b8a'),
(60, 'At an end your rule is, and not short enough it was!', '2024-10-07 15:15:17.913737', 0.306142, 'ecf193b3-5cb6-42e1-a0a2-e813daf5512f', '234a1c11-6e6d-4488-bae3-fe51ce678461'),
(61, 'At an end your rule is, and not short enough it was!', '2024-10-07 15:15:17.940848', 2.34258, 'a8d73190-5d0d-4402-9495-1d48a4602566', '6c8557a7-0769-4f2a-8780-2aa4290f8b24'),
(62, 'Soon will I rest, yes, forever sleep. Earned it I have. Twilight is upon me, soon night must fall.', '2024-10-07 15:15:17.965131', 1.15047, '8e50f1fa-44f3-4e67-bc68-07fb02519da0', 'e00dfe49-cba7-4cfb-80d8-85e3e20c9c2f'),
(63, 'Always two there are, no more, no less. A master and an apprentice.', '2024-10-07 15:15:17.991899', 2.61718, '783dc8f9-8520-4852-9f88-58a3ef5164ea', '44e218aa-075e-4924-a00e-43b808b53043'),
(64, 'At an end your rule is, and not short enough it was!', '2024-10-07 15:15:18.009732', 2.49276, '5120ecc7-ed0d-4b9f-b4f5-a3e926fafb57', 'ccfde57e-8488-494d-ac8c-fe2e58871e0d'),
(65, 'Use your feelings, Obi-Wan, and find him you will.', '2024-10-07 15:15:18.037168', 1.87581, '64891250-fff1-4b45-8424-934bd7b4a136', '3c6a7e91-2ae5-4049-827a-76f4f4605496'),
(66, 'The dark side clouds everything. Impossible to see the future is.', '2024-10-07 15:15:18.064289', 3.79967, '69d7d2ba-0c66-4678-85d7-73e020326c68', '7136abe5-134a-4980-b274-50a456f11629'),
(67, 'Ow, ow, OW! On my ear you are!', '2024-10-07 15:15:18.096346', 4.42172, '34a8defe-ad1d-4862-959d-584e14e935a3', '4775e0f8-f507-43c8-bae5-7b8311dddb6d'),
(68, 'Your weapons, you will not need them.', '2024-10-07 15:15:18.123942', 3.18128, '08595adb-9c58-4ba2-9ae1-1c133715ba91', '50f1d884-d5d1-46f0-acc7-538a440f21be'),
(69, 'Mudhole? Slimy? My home this is!', '2024-10-07 15:15:18.153442', 2.91418, 'a1db08cd-fda0-4f66-a835-33d1c2887548', 'fcdf5535-ae5f-4ed9-8119-d9ba4e3feceb'),
(70, 'Like fire across the galaxy the Clone Wars spread. In league with the wicked Count Dooku, more and more planets slip. Against this threat, upon the Jedi Knights falls the duty to lead the newly formed army of the Republic. And as the heat of war grows, so, to, grows the prowess of one most gifted student of the Force.', '2024-10-07 15:15:18.184164', 4.81706, 'a3ee03a6-23fa-4cc3-ab25-e238cd802c41', '21274eea-a884-4586-bcdb-a3beec4074a0'),
(71, 'Good relations with the Wookiees, I have.', '2024-10-07 15:15:18.212051', 4.72299, '01cc1a8b-b498-4d2f-9f2e-c0981b5926e2', '3d00ac19-c1b1-47ba-9ad8-24c0c3965aef'),
(72, 'Clear your mind must be, if you are to find the villains behind this plot.', '2024-10-07 15:15:18.234236', 4.85949, '1cd3fd48-ad02-4e16-9fc4-4df594d8ee78', '8ffa1e47-70b8-4670-b599-ad924d4558f5'),
(73, 'Reckless he is. Matters are worse.', '2024-10-07 15:15:18.259724', 3.02574, 'e905a384-f632-4bbf-9664-c2447187b64c', 'ea0f23a6-b9e9-480e-ac7a-02a77bc73af8'),
(74, 'Size matters not. Look at me. Judge me by my size, do you? Hmm? Hmm. And well you should not. For my ally is the Force, and a powerful ally it is. Life creates it, makes it grow. Its energy surrounds us and binds us. Luminous beings are we, not this crude matter. You must feel the Force around you; here, between you, me, the tree, the rock, everywhere, yes. Even between the land and the ship.', '2024-10-07 15:15:18.283319', 2.19389, '36f0182a-5da5-4515-9a6e-1b15a455b890', '55f89ec0-72e1-486d-9de3-33c4a05524e0'),
(75, 'Adventure. Excitement. A Jedi craves not these things.', '2024-10-07 15:15:18.305373', 3.92456, '260bafb3-25dd-4c84-8cb4-b8345d1c05b5', '7bcf1e26-d44b-4e64-a074-8c95d627d727'),
(76, 'Reckless he is. Matters are worse.', '2024-10-07 15:15:18.331507', 4.22498, 'e905a384-f632-4bbf-9664-c2447187b64c', 'c23d01f0-278e-4077-b3fd-9a5d057bf8b1'),
(77, 'Mudhole? Slimy? My home this is!', '2024-10-07 15:15:18.364099', 1.48794, '36f0182a-5da5-4515-9a6e-1b15a455b890', '282d6276-0093-463c-a560-ac3e92f1da78'),
(78, 'Use your feelings, Obi-Wan, and find him you will.', '2024-10-07 15:15:18.388067', 3.29607, '9f31fa5f-a72c-4069-b613-decd43c378a9', '078a1e1f-0661-47c8-a66c-68317e0f4637'),
(79, 'Once you start down the dark path, forever will it dominate your destiny, consume you it will.', '2024-10-07 15:15:18.415290', 2.837, '260bafb3-25dd-4c84-8cb4-b8345d1c05b5', '4775e0f8-f507-43c8-bae5-7b8311dddb6d'),
(80, 'Once you start down the dark path, forever will it dominate your destiny, consume you it will.', '2024-10-07 15:15:18.436904', 4.51611, 'dff42a20-18dc-462a-8f15-a0c9c2a03d79', '5769eff3-3f47-4c30-9847-e80aa7de6a7c'),
(81, 'Hmm. In the end, cowards are those who follow the dark side.', '2024-10-07 15:15:18.458684', 2.23088, 'd2d74f04-d31a-440e-8e08-aef411371159', '8402b37f-9638-4631-bd05-4693dc47fb77'),
(82, 'Once you start down the dark path, forever will it dominate your destiny, consume you it will.', '2024-10-07 15:15:18.480711', 1.96794, '346c3d14-59ba-4b78-8834-64e69fd19956', '418dc57c-703f-4252-bce7-683b93ec2a8b'),
(83, 'You will find only what you bring in.', '2024-10-07 15:15:18.500914', 4.92724, '7a6b839f-fb2b-4cb0-afd6-0ed301e313b6', 'ad62599b-d6d4-4f6d-8d10-42f5d51b8f17'),
(84, 'Luminous beings are we - not this crude matter.', '2024-10-07 15:15:18.530054', 3.24351, '9daf59a8-5e7b-4bfe-abc9-a37070b98f30', '19b3a3a5-6a98-4369-9003-3aa65367cec7'),
(85, 'Already know you that which you need.', '2024-10-07 15:15:18.553054', 4.34251, 'a8d73190-5d0d-4402-9495-1d48a4602566', 'd718454f-4ba7-4ec5-ac5a-823dea8334e6'),
(86, 'Reckless he is. Matters are worse.', '2024-10-07 15:15:18.581278', 3.45046, '36f0182a-5da5-4515-9a6e-1b15a455b890', 'fd310317-af24-4860-8e6e-c844280315c8'),
(87, 'Ready are you? What know you of ready? For eight hundred years have I trained Jedi. My own counsel will I keep on who is to be trained. A Jedi must have the deepest commitment, the most serious mind. This one a long time have I watched. All his life has he looked away - to the future, to the horizon. Never his mind on where he was. Hmm? What he was doing. Hmph. Adventure. Heh. Excitement. Heh. A Jedi craves not these things. You are reckless.', '2024-10-07 15:15:18.605608', 4.48437, '04e6e3a7-1f72-43f2-82cc-e3782fd90235', 'c4ca7064-5038-4b25-ad71-cb9be171fa61'),
(88, 'Always two there are, no more, no less. A master and an apprentice.', '2024-10-07 15:15:18.629403', 2.66128, 'c5746689-025a-4d47-bd50-e14ef162d4c2', '43f9e6fe-58bd-4371-86f3-a5bbc80b0d3b'),
(89, 'Good relations with the Wookiees, I have.', '2024-10-07 15:15:18.658323', 3.62365, '2d8156f3-9d7a-47bb-ac57-048ec6d83ca3', '1206a0ad-c6b5-4e5f-94f4-f85d3d14799b'),
(90, 'Ready are you? What know you of ready? For eight hundred years have I trained Jedi. My own counsel will I keep on who is to be trained. A Jedi must have the deepest commitment, the most serious mind. This one a long time have I watched. All his life has he looked away - to the future, to the horizon. Never his mind on where he was. Hmm? What he was doing. Hmph. Adventure. Heh. Excitement. Heh. A Jedi craves not these things. You are reckless.', '2024-10-07 15:15:18.690291', 1.83847, '86f229f3-91a2-4fa0-902d-eb6d49770665', '19b3a3a5-6a98-4369-9003-3aa65367cec7'),
(91, 'Do not assume anything Obi-Wan. Clear your mind must be if you are to discover the real villains behind this plot.', '2024-10-07 15:15:18.714477', 0.891498, 'd2d74f04-d31a-440e-8e08-aef411371159', 'cbe3c308-78cf-4b6a-87d2-28b9aa4281c2'),
(92, 'Good relations with the Wookiees, I have.', '2024-10-07 15:15:18.732479', 2.6263, 'b70fcd10-2faa-4367-83da-311ad3f5a4af', '2220f7ea-9158-47e8-842e-8179502b3a91'),
(93, 'Ow, ow, OW! On my ear you are!', '2024-10-07 15:15:18.761817', 3.68527, '1cd3fd48-ad02-4e16-9fc4-4df594d8ee78', '3513289f-2e9e-4fa3-8dda-99e0272172e8'),
(94, 'Do not assume anything Obi-Wan. Clear your mind must be if you are to discover the real villains behind this plot.', '2024-10-07 15:15:18.790207', 2.8136, '30146298-ac84-4c22-9432-2134ee0ca0b6', 'e847d67c-fb3f-4f04-8a74-f989bb66ce6e'),
(95, 'At an end your rule is, and not short enough it was!', '2024-10-07 15:15:18.818721', 3.02591, '8e50f1fa-44f3-4e67-bc68-07fb02519da0', '94037af4-366a-498c-bfce-b2e8f4a4200e'),
(96, 'Already know you that which you need.', '2024-10-07 15:15:18.840851', 0.460213, 'e08f7bb2-9968-455c-8af2-110c04f402c1', '731b6553-72e8-4abd-ad31-452b930bc0e0'),
(97, 'That is why you fail.', '2024-10-07 15:15:18.866445', 3.99184, '08595adb-9c58-4ba2-9ae1-1c133715ba91', '5769eff3-3f47-4c30-9847-e80aa7de6a7c'),
(98, 'Mudhole? Slimy? My home this is!', '2024-10-07 15:15:18.895586', 2.55911, '64891250-fff1-4b45-8424-934bd7b4a136', 'f4ebeeed-afc9-48ef-b04b-40cebe1ad3f1'),
(99, 'Do. Or do not. There is no try.', '2024-10-07 15:15:18.917681', 3.04917, 'd2d74f04-d31a-440e-8e08-aef411371159', 'f9d652b1-52ed-4308-9565-b21c5a4c3cd0'),
(100, 'Through the Force, things you will see. Other places. The future - the past. Old friends long gone.', '2024-10-07 15:15:18.945784', 0.0504534, '1aa8f75e-2113-4234-9315-141a1d20a424', '93ab7aa4-7bf8-4df3-a148-dd04353a618c');

--
-- Déchargement des données de la table `room`
--

INSERT INTO `room` (`id`, `translation_key`, `type`) VALUES
(1, 'room:kitchen', 'Kitchen'),
(2, 'room:bathroom', 'Bathroom'),
(3, 'room:master-bedroom', 'Master Bedroom'),
(4, 'room:living-room', 'Living Room'),
(5, 'room:attic', 'Attic'),
(6, 'room:basement', 'Basement'),
(7, 'room:garage', 'Garage'),
(8, 'room:jacuzzi', 'Jacuzzi'),
(9, 'room:pool', 'Pool'),
(10, 'room:1-bed-bedroom', '1 Bed Bedroom'),
(11, 'room:2-bed-bedroom', '2 Bed Bedroom');

--
-- Déchargement des données de la table `user`
--

INSERT INTO `user` (`id`, `activation_token`, `activation_token_sent_at`, `birth_date`, `created_at`, `email`, `first_name`, `last_name`, `password`, `phone`, `photo`, `roles`, `slug`) VALUES
('05a3cdb1-6264-417d-bf89-97b716855562', NULL, NULL, '1967-04-05', '2024-10-07 15:15:13.105502', 'noah.meyer@gmail.com', 'Noah', 'Meyer', '$2a$10$ww.BQYeiXdLViF/nxeQRB.cScV3qjm3PpR7z6YgvEYySI9q4TRu3e', NULL, NULL, '[\"ROLE_USER\"]', 'noah-meyer'),
('06bdac2f-777b-41f1-b3e4-101ef2ac5f1e', NULL, NULL, '1992-12-02', '2024-10-07 15:15:12.328295', 'maëlle.lemoine@gmail.com', 'Maëlle', 'Lemoine', '$2a$10$TWH5EyYC.kW4AqK1BEPliO7xpFAIEopzBIgnAJEN/2d3cC6.tIp4W', NULL, NULL, '[\"ROLE_USER\"]', 'maelle-lemoine'),
('078a1e1f-0661-47c8-a66c-68317e0f4637', NULL, NULL, '1963-12-14', '2024-10-07 15:15:04.743495', 'carla.carre@gmail.com', 'Carla', 'Carre', '$2a$10$S7xZCRQpSqddDC/miaDOvu6DIoKZjWJHnZMeQ7GYTU0I.i7Fc1kPm', NULL, NULL, '[\"ROLE_USER\"]', 'carla-carre'),
('0c745319-a757-4d2c-93f5-aafd487c012f', NULL, NULL, '1993-08-31', '2024-10-07 15:15:08.169932', 'adrien.lecomte@gmail.com', 'Adrien', 'Lecomte', '$2a$10$ZkF7Srm5kmIFewBE.XKgo.MdcXzo31CiUum5bIaDPvrmJoUkgOq8m', NULL, NULL, '[\"ROLE_USER\"]', 'adrien-lecomte'),
('11877f46-4b04-424f-88b9-4e2e42fcd749', NULL, NULL, '1969-06-12', '2024-10-07 15:15:04.914269', 'mathéo.roche@gmail.com', 'Mathéo', 'Roche', '$2a$10$TYkDLhaffdv7eQGFmqzu7uPfPye0dpH2t/dI5kumQBKK8tK/E2OG2', NULL, NULL, '[\"ROLE_USER\"]', 'matheo-roche'),
('1206a0ad-c6b5-4e5f-94f4-f85d3d14799b', NULL, NULL, '1961-09-26', '2024-10-07 15:15:06.156019', 'justine.leroux@gmail.com', 'Justine', 'Leroux', '$2a$10$sZgL85bWhXf3uwh5hO26Z.8WrFJUlPCHYjf2pE5wlSHC6Y0rPZfmW', NULL, NULL, '[\"ROLE_USER\"]', 'justine-leroux'),
('1950c8aa-ca26-47ca-b16f-6dc8d7bc8af9', NULL, NULL, '1988-11-13', '2024-10-07 15:15:04.328040', 'sarah.giraud@gmail.com', 'Sarah', 'Giraud', '$2a$10$bs3uvG6uYfHXpofzvbpGuO.EQQvVNyVwv0lUZNcdMIq3XQvgmL3pC', NULL, NULL, '[\"ROLE_USER\"]', 'sarah-giraud'),
('19b3a3a5-6a98-4369-9003-3aa65367cec7', NULL, NULL, '1972-04-08', '2024-10-07 15:15:12.795989', 'chloé.rémy@gmail.com', 'Chloé', 'Rémy', '$2a$10$0aQg7U2YebkGBPBNNzO.6OazHjbU2d//qK9YmhoJw5Az3xp1XVYpS', NULL, NULL, '[\"ROLE_USER\"]', 'chloe-remy'),
('1c212c9b-3d01-4f6e-8adf-a8f65af89b23', NULL, NULL, '1979-01-16', '2024-10-07 15:15:10.178392', 'charlotte.louis@gmail.com', 'Charlotte', 'Louis', '$2a$10$eF2GCPYsGo6kA0RHVrROm.u1fP3YzhekKR/1OMZg6scCnk1DxX7iq', NULL, NULL, '[\"ROLE_USER\"]', 'charlotte-louis'),
('1f1ad6fe-d1f0-44e5-bd91-8e89b65610e7', NULL, NULL, '1971-11-20', '2024-10-07 15:15:03.489529', 'maëlys.prévost@gmail.com', 'Maëlys', 'Prévost', '$2a$10$4hVzwrTo7iZUcB4fH8NDLOBzAaDO5Z38/xnNuAkcrFmEM7/9aFx3C', NULL, NULL, '[\"ROLE_USER\"]', 'maelys-prevost'),
('21274eea-a884-4586-bcdb-a3beec4074a0', NULL, NULL, '1980-12-14', '2024-10-07 15:15:12.009541', 'pauline.dvnis@gmail.com', 'Pauline', 'Dvnis', '$2a$10$gNZ4MU0QmyaRQVYoVNahzOO.tPRKI89860W3czPBXHH/LyLXsOGzO', NULL, NULL, '[\"ROLE_USER\"]', 'pauline-dvnis'),
('2220f7ea-9158-47e8-842e-8179502b3a91', NULL, NULL, '1993-01-16', '2024-10-07 15:15:11.293849', 'tom.sanchez@gmail.com', 'Tom', 'Sanchez', '$2a$10$xAYdXM8hG9WGcZtXW/FIju6dQfC/O7xPpnR7ZHTek.2dzNyYDyxX6', NULL, NULL, '[\"ROLE_USER\"]', 'tom-sanchez'),
('22b4207a-b5e7-4f1d-b76e-74df58c689f9', NULL, NULL, '2005-07-22', '2024-10-07 15:15:12.167538', 'léa.marchal@gmail.com', 'Léa', 'Marchal', '$2a$10$DwrCieQbJK6f7e3N7qQjNumP4M9uFgnKYvQHrEmwTqvlaLBzm1/ju', NULL, NULL, '[\"ROLE_USER\"]', 'lea-marchal'),
('234a1c11-6e6d-4488-bae3-fe51ce678461', NULL, NULL, '1991-04-12', '2024-10-07 15:15:05.664789', 'valentin.aubert@gmail.com', 'Valentin', 'Aubert', '$2a$10$qDKKkrZjO9F1zIphLxmNJO1l54KJ0mKL8Lkcc7u.KOTKnBKwtO3I6', NULL, NULL, '[\"ROLE_USER\"]', 'valentin-aubert'),
('26ab61e6-4ff7-49ce-8014-ab04b43e1249', NULL, NULL, '1988-11-07', '2024-10-07 15:15:09.376350', 'juliette.renaud@gmail.com', 'Juliette', 'Renaud', '$2a$10$CkI2f8RANeNR9WxQApjwn.HQ34P/wpDENdljeqs76DWUBF.yi8xXy', NULL, NULL, '[\"ROLE_USER\"]', 'juliette-renaud'),
('2765db22-d10c-4742-8989-aa1d6503d8be', NULL, NULL, '1987-11-17', '2024-10-07 15:15:11.849189', 'lou.moreau@gmail.com', 'Lou', 'Moreau', '$2a$10$kFOTWqfz.VrbwuzYzCrVKegYlbuOde11P61K1si/MFMHs5WLHGlQq', NULL, NULL, '[\"ROLE_USER\"]', 'lou-moreau'),
('282d6276-0093-463c-a560-ac3e92f1da78', NULL, NULL, '1976-01-23', '2024-10-07 15:15:06.558173', 'arthur.pons@gmail.com', 'Arthur', 'Pons', '$2a$10$pKdLHNglsOvE1SCPC2exg.nBVjLBRKdE3YICpBNspQBWhis2COGs6', NULL, NULL, '[\"ROLE_USER\"]', 'arthur-pons'),
('2bc3393f-260d-491a-a3d3-5ada3bdf3482', NULL, NULL, '1983-11-03', '2024-10-07 15:15:03.829139', 'quentin.renault@gmail.com', 'Quentin', 'Renault', '$2a$10$ekl6XpU9aqlFAearWU/cZek3g6WvCx272VXZJtFQh3vxFgsB2HlNK', NULL, NULL, '[\"ROLE_USER\"]', 'quentin-renault'),
('2c3186b8-b365-44a3-9b9e-06a4a166d50e', NULL, NULL, '1966-04-20', '2024-10-07 15:15:12.405298', 'alice.thomas@gmail.com', 'Alice', 'Thomas', '$2a$10$i3JJpiydqf7MoC1zUP5FLOrEifKR.lcgOY9vM6jvUzRaZywYCY7nC', NULL, NULL, '[\"ROLE_USER\"]', 'alice-thomas'),
('2c3e9833-cc66-46a7-9353-9cfbdc9c270a', NULL, NULL, '1987-10-29', '2024-10-07 15:15:08.652391', 'mohamed.robert@gmail.com', 'Mohamed', 'Robert', '$2a$10$PENUBwH0SjsAzf7vWfmmVuWvvzsxXJaQOC0mNnpPFqWkk6P9Yy60y', NULL, NULL, '[\"ROLE_USER\"]', 'mohamed-robert'),
('2c61fd74-0ce2-48f6-aa61-a8ac8e641ea4', NULL, NULL, '1975-09-18', '2024-10-07 15:15:09.936985', 'baptiste.rémy@gmail.com', 'Baptiste', 'Rémy', '$2a$10$MJkoye5u8.Nk85x1wJI9LeYRrhMCLMRYjVuKSHSAH/IrRNoiV/6zq', NULL, NULL, '[\"ROLE_USER\"]', 'baptiste-remy'),
('2d0f8f56-d9dc-45fe-ba0e-90909cce6156', NULL, NULL, '2001-04-25', '2024-10-07 15:15:05.918265', 'julie.martin@gmail.com', 'Julie', 'Martin', '$2a$10$GFtl8TVRsr20o6tIMGXbaOFDaieyVexTqp7VeiKUwAGcMCNax4Coe', NULL, NULL, '[\"ROLE_USER\"]', 'julie-martin'),
('2d85f3a0-5b74-4be1-94c7-b88589f0cb8b', NULL, NULL, '1961-08-23', '2024-10-07 15:15:04.165136', 'emilie.noël@gmail.com', 'Emilie', 'Noël', '$2a$10$fW2lKPPg4SPJu0V8rZuCrOgR35i1XJhVSbDaBPZoJ8BncMhQW0SLS', NULL, NULL, '[\"ROLE_USER\"]', 'emilie-noel'),
('342fa687-7a61-415a-a588-fcf059455c51', NULL, NULL, '1988-12-11', '2024-10-07 15:15:09.615482', 'léo.cousin@gmail.com', 'Léo', 'Cousin', '$2a$10$AcuHnppyBwgTOpwWh.rJ9.R.pPOJUjzcVXroBiZF/vwedD5lNftfa', NULL, NULL, '[\"ROLE_USER\"]', 'leo-cousin'),
('3513289f-2e9e-4fa3-8dda-99e0272172e8', NULL, NULL, '1973-04-28', '2024-10-07 15:15:03.404874', 'lola.brun@gmail.com', 'Lola', 'Brun', '$2a$10$QCNOjjWvXIqHhfV6WKzMAOZnbaTMxePJ/Leac/IpEuTU2AMv9H9wa', NULL, NULL, '[\"ROLE_USER\"]', 'lola-brun'),
('364b3e25-0187-4290-982c-0ae8df0caaa3', NULL, NULL, '1989-03-24', '2024-10-07 15:15:08.419260', 'thomas.lucas@gmail.com', 'Thomas', 'Lucas', '$2a$10$aPRbrxtq013qIUapmdaAIOQY.1WgsWKJxEylyQ4PbXCBF.weFQvhu', NULL, NULL, '[\"ROLE_USER\"]', 'thomas-lucas'),
('3864ffa4-7c07-422a-850e-aa6eb16611cf', NULL, NULL, '1990-07-11', '2024-10-07 15:15:10.098387', 'antoine.dupont@gmail.com', 'Antoine', 'Dupont', '$2a$10$77t7MNwzFISSyXVZXLes5.CClbn3cMOuK8XS/j8a12V4x/FY1bz9C', NULL, NULL, '[\"ROLE_USER\"]', 'antoine-dupont'),
('38c23c52-0795-4fd6-9b5f-82198ea820f4', NULL, NULL, '1978-05-28', '2024-10-07 15:15:10.258837', 'théo.perrin@gmail.com', 'Théo', 'Perrin', '$2a$10$8Opfi0R5IrsY.DQX9uz29upgjLb3zR3QExrIEUqUW3WGRCyLzvY1u', NULL, NULL, '[\"ROLE_USER\"]', 'theo-perrin'),
('39d448bd-1f9f-41e1-9bb0-40993420beda', NULL, NULL, '2001-03-13', '2024-10-07 15:15:04.661135', 'mathis.guillaume@gmail.com', 'Mathis', 'Guillaume', '$2a$10$NaXzlmnZdNH9kS0hr2KFfebL7PPEicu2hqE6upPDCtMPjMU5r3dr2', NULL, NULL, '[\"ROLE_USER\"]', 'mathis-guillaume'),
('39eadc33-8e18-4fdd-9baa-001f35861572', NULL, NULL, '2003-12-28', '2024-10-07 15:15:08.976147', 'tom.leclercq@gmail.com', 'Tom', 'Leclercq', '$2a$10$t78232mZgDsKxu14R67aUecEPwBZmMh3GZcGltDMsC3FAP8Yu.cke', NULL, NULL, '[\"ROLE_USER\"]', 'tom-leclercq'),
('3b602237-a8d0-488d-857a-f60eb44df041', NULL, NULL, '1978-02-05', '2024-10-07 15:15:11.613615', 'léo.berger@gmail.com', 'Léo', 'Berger', '$2a$10$udqbTmQxD.cEcbAjtDprueGxBZ7C6E4xsLLOtCy.b9j/j1a9QgaJK', NULL, NULL, '[\"ROLE_USER\"]', 'leo-berger'),
('3c6a7e91-2ae5-4049-827a-76f4f4605496', NULL, NULL, '2004-09-14', '2024-10-07 15:15:08.574250', 'adrien.henry@gmail.com', 'Adrien', 'Henry', '$2a$10$lvwtNTkPhd110PFhrPchIuMsh0nJasXvNkBmXkZeHCM8JuW.W/oAK', NULL, NULL, '[\"ROLE_USER\"]', 'adrien-henry'),
('3d00ac19-c1b1-47ba-9ad8-24c0c3965aef', NULL, NULL, '1974-10-09', '2024-10-07 15:15:09.695755', 'maeva.thomas@gmail.com', 'Maeva', 'Thomas', '$2a$10$jU.ugSMzaXVzC/cqXMwEnu6wNV2wK8tPof1rVtstjrdXulDaizJlm', NULL, NULL, '[\"ROLE_USER\"]', 'maeva-thomas'),
('414ae083-63f0-455f-9881-80ff2804937d', NULL, NULL, '1987-06-09', '2024-10-07 15:15:09.053859', 'alexandre.rey@gmail.com', 'Alexandre', 'Rey', '$2a$10$7lC/OtZCXdj.4daxRYbDDusO9NtKsdRaSzb7oVaev8RP1JRVIVdVa', NULL, NULL, '[\"ROLE_USER\"]', 'alexandre-rey'),
('418dc57c-703f-4252-bce7-683b93ec2a8b', NULL, NULL, '1984-06-25', '2024-10-07 15:15:10.659481', 'eva.chevalier@gmail.com', 'Eva', 'Chevalier', '$2a$10$D6AwTjHNKJ1iZi7KUSml7OkueehStwiqJIahEbBLiBEh5o9ty.462', NULL, NULL, '[\"ROLE_USER\"]', 'eva-chevalier'),
('424fbd68-e80e-4672-a594-711a78fd36bc', NULL, NULL, '2006-09-14', '2024-10-07 15:15:12.643121', 'jeanne.dubois@gmail.com', 'Jeanne', 'Dubois', '$2a$10$7pjTuSY8O691GB/YwpSPlOLOFcP/9t.zba/VNijCw7C65G4uiCjoS', NULL, NULL, '[\"ROLE_USER\"]', 'jeanne-dubois'),
('42a171d9-e73e-4183-a69f-60479651e9ca', NULL, NULL, '1961-11-23', '2024-10-07 15:15:06.396006', 'sacha.dvnis@gmail.com', 'Sacha', 'Dvnis', '$2a$10$R1147r409MzDork8jZtO6.FDgZ.xeed1fUHJfSdO/baO75R9ahdeC', NULL, NULL, '[\"ROLE_USER\"]', 'sacha-dvnis'),
('4391f1a2-088f-4d63-b326-54bb9bc5e7fe', NULL, NULL, '1999-08-11', '2024-10-07 15:15:06.961336', 'chloé.rey@gmail.com', 'Chloé', 'Rey', '$2a$10$J3tpe1i5W1mkeP/nO2h.s.i25zPAqJsQfM8FkqCtFXd55Ci4VW/Si', NULL, NULL, '[\"ROLE_USER\"]', 'chloe-rey'),
('43f9e6fe-58bd-4371-86f3-a5bbc80b0d3b', NULL, NULL, '1959-10-30', '2024-10-07 15:15:05.157578', 'mael.blanc@gmail.com', 'Mael', 'Blanc', '$2a$10$K0F6tNAxzWI1jn9L81L1xu37XuM8W1UfEi1Fi78QuBYJAbO4uYEW.', NULL, NULL, '[\"ROLE_USER\"]', 'mael-blanc'),
('44e218aa-075e-4924-a00e-43b808b53043', NULL, NULL, '1973-08-10', '2024-10-07 15:15:10.898177', 'julie.rivière@gmail.com', 'Julie', 'Rivière', '$2a$10$nSRT4rnIqnKB6EdaJ3Z37eJM1ftQdwHroGj.UFoKShutfhta7u1JC', NULL, NULL, '[\"ROLE_USER\"]', 'julie-riviere'),
('4775e0f8-f507-43c8-bae5-7b8311dddb6d', NULL, NULL, '1989-12-11', '2024-10-07 15:15:12.483295', 'jeanne.dufour@gmail.com', 'Jeanne', 'Dufour', '$2a$10$ViJ7AOggz3tjp5hrxz5KZec0JwbHURGHzPf2eAJOG7OKhexw/JZWS', NULL, NULL, '[\"ROLE_USER\"]', 'jeanne-dufour'),
('49d4c718-3984-47d1-a050-b1df2664172e', NULL, NULL, '2006-05-19', '2024-10-07 15:15:11.057435', 'manon.mathieu@gmail.com', 'Manon', 'Mathieu', '$2a$10$rqBg8HCcJYgPQOHsqXWjMeQQj2ubK9cWggLqqKy47qP7.Kv5nRpCG', NULL, NULL, '[\"ROLE_USER\"]', 'manon-mathieu'),
('4a740811-0b68-43c1-a7b1-d7be92b5a244', NULL, NULL, '1969-04-30', '2024-10-07 15:15:10.501103', 'louise.fontaine@gmail.com', 'Louise', 'Fontaine', '$2a$10$kvPYTDQ/tpzTfeCa/gfMXu2TA7aCU4DOH9TIv90Vjfy5SqfkQ6/oW', NULL, NULL, '[\"ROLE_USER\"]', 'louise-fontaine'),
('4bc3ec7b-2b0e-4f6d-8303-e9c5d5ae8b8a', NULL, NULL, '1965-03-22', '2024-10-07 15:15:02.881225', 'camille.laine@gmail.com', 'Camille', 'Laine', '$2a$10$p7R/UAi.RdlhUtIM7orEyOaTi7S/eX56R0qlt6qMQJU0KVUYjMeb2', NULL, NULL, '[\"ROLE_USER\"]', 'camille-laine'),
('4d70d561-8652-4304-823f-519e3aba1e25', NULL, NULL, '2004-07-13', '2024-10-07 15:15:04.410871', 'adam.maillard@gmail.com', 'Adam', 'Maillard', '$2a$10$in8qe/a42vIlMmo6kJdj2eGlQE7p3F6tKXWFGx0cMWdyisXna3Psy', NULL, NULL, '[\"ROLE_USER\"]', 'adam-maillard'),
('50e88693-762c-4a9a-b278-e3532d467f00', NULL, NULL, '1989-02-09', '2024-10-07 15:15:07.695128', 'alexis.garcia@gmail.com', 'Alexis', 'Garcia', '$2a$10$Sbr/EzYOOBH4liTjNVVA/e6Bk.M2x4hhfI4KElnIvP1E2L2Hpxmim', NULL, NULL, '[\"ROLE_USER\"]', 'alexis-garcia'),
('50f1d884-d5d1-46f0-acc7-538a440f21be', NULL, NULL, '1970-06-15', '2024-10-07 15:15:06.721452', 'lucie.muller@gmail.com', 'Lucie', 'Muller', '$2a$10$Wct87QMHT.C9vX23k9eEheCjN/JfEXnAiz/daSeFXCzrEUEATX3VS', NULL, NULL, '[\"ROLE_USER\"]', 'lucie-muller'),
('55f89ec0-72e1-486d-9de3-33c4a05524e0', NULL, NULL, '1991-11-19', '2024-10-07 15:15:08.497388', 'noémie.gautier@gmail.com', 'Noémie', 'Gautier', '$2a$10$ebzsYUCHXhUYSImPVqTGfuqDcYVT4LeRZ4GRsKq5oftCYUEKVPJ2u', NULL, NULL, '[\"ROLE_USER\"]', 'noemie-gautier'),
('5769eff3-3f47-4c30-9847-e80aa7de6a7c', NULL, NULL, '1962-06-05', '2024-10-07 15:15:09.457930', 'théo.renaud@gmail.com', 'Théo', 'Renaud', '$2a$10$DnoZM3gEKvfjh7myrPLBQOvGhW/kCGHFtht9zrQvNpR5PsBV0fxRS', NULL, NULL, '[\"ROLE_USER\"]', 'theo-renaud'),
('58d34cb4-4f55-493c-ba70-7128d6694ddd', NULL, NULL, '1994-03-20', '2024-10-07 15:15:05.831232', 'léo.andré@gmail.com', 'Léo', 'André', '$2a$10$k3D4cN2PGA03BcW3ll5pVO2ouiozIlB5L0RF9RupPG3hTGo5YbmCS', NULL, NULL, '[\"ROLE_USER\"]', 'leo-andre'),
('68660e57-b719-4c67-949c-f19446100b35', NULL, NULL, '1972-05-29', '2024-10-07 15:15:08.894437', 'noa.roger@gmail.com', 'Noa', 'Roger', '$2a$10$03jewj81UOgIdvjOywuu..aNE6OQUxSAm7KKOSXCSTPQvde9H.zZ2', NULL, NULL, '[\"ROLE_USER\"]', 'noa-roger'),
('69d54ebe-3746-43ff-b4ae-c1f9db21d9a8', NULL, NULL, '1987-05-02', '2024-10-07 15:15:08.731463', 'maëlle.brun@gmail.com', 'Maëlle', 'Brun', '$2a$10$YcSdgIsjdEQ9zuuxGCSt.OoC.Q47DIWExwnYjBJXaMyQcshdvZ/Nu', NULL, NULL, '[\"ROLE_USER\"]', 'maelle-brun'),
('6c8557a7-0769-4f2a-8780-2aa4290f8b24', NULL, NULL, '1961-07-12', '2024-10-07 15:15:06.473513', 'arthur.sanchez@gmail.com', 'Arthur', 'Sanchez', '$2a$10$Yi.Dfy.BA2eOy6j7FVrLUOdVNqWAbId34mRzQcUinBW1rEs2.Sqv2', NULL, NULL, '[\"ROLE_USER\"]', 'arthur-sanchez'),
('6fc207ef-c4d7-4757-aa0d-c7799bbd0574', NULL, NULL, '1975-07-11', '2024-10-07 15:15:05.078611', 'jade.méunier@gmail.com', 'Jade', 'Méunier', '$2a$10$tLkDO1H55FZMkvsT1LtZmOv4GST55Lzn6EL/.eAPcDmazqrkfCGnu', NULL, NULL, '[\"ROLE_USER\"]', 'jade-meunier'),
('70228ee8-e30a-427b-afb3-e1d4eabb0474', NULL, NULL, '1969-07-12', '2024-10-07 15:15:04.996249', 'lucie.bernard@gmail.com', 'Lucie', 'Bernard', '$2a$10$LVjlFGFqvmpRRzMCzmOwiuNh9cGWxtOulr.Yizt6z2z7wCrHKSGDe', NULL, NULL, '[\"ROLE_USER\"]', 'lucie-bernard'),
('7052a9c5-f3d0-49cf-946d-4385137eb2ac', NULL, NULL, '2002-11-19', '2024-10-07 15:15:11.771262', 'jade.adam@gmail.com', 'Jade', 'Adam', '$2a$10$oL/qGSmOshkeH0b.iif0GO9s453SIsbVxxX7EW2Fvu5I/SD.LhnMC', NULL, NULL, '[\"ROLE_USER\"]', 'jade-adam'),
('7136abe5-134a-4980-b274-50a456f11629', NULL, NULL, '1982-11-12', '2024-10-07 15:15:11.453001', 'clara.breton@gmail.com', 'Clara', 'Breton', '$2a$10$/jWDt0RlJyaiF83wiyY8MORrrrfDXxOGgsY4trgRT8mhKkMQW98Gi', NULL, NULL, '[\"ROLE_USER\"]', 'clara-breton'),
('71856a43-bdae-4599-a1ff-7845517bebf4', NULL, NULL, '1992-10-22', '2024-10-07 15:15:04.495680', 'alexandre.renault@gmail.com', 'Alexandre', 'Renault', '$2a$10$wSMVNK0sMbeHuFCLqIfxHek5S0ynuQEINQcbVIkcDTo/fxiBfXIxS', NULL, NULL, '[\"ROLE_USER\"]', 'alexandre-renault'),
('7187272d-7b44-4cb7-87b9-4bda6de0f489', NULL, NULL, '1981-12-16', '2024-10-07 15:15:13.028702', 'evan.duval@gmail.com', 'Evan', 'Duval', '$2a$10$KqQmIq5JOkhzJO/TgMF9xODUG1WIIK3ItxB1V/BHOr6FZz2twXIeC', NULL, NULL, '[\"ROLE_USER\"]', 'evan-duval'),
('731b6553-72e8-4abd-ad31-452b930bc0e0', NULL, NULL, '1987-09-22', '2024-10-07 15:15:09.776110', 'chloé.lacroix@gmail.com', 'Chloé', 'Lacroix', '$2a$10$e0IDFx82Utny0ZAZFTQDYeyXECSBIi.zIyINJQwgeKxa7nafOlS..', NULL, NULL, '[\"ROLE_USER\"]', 'chloe-lacroix'),
('740e0314-6cc8-4079-96b5-662e734c3d77', NULL, NULL, '1994-12-19', '2024-10-07 15:15:03.989148', 'lucas.dvnis@gmail.com', 'Lucas', 'Dvnis', '$2a$10$Q5ETmol/BD3vMZj9s0Q6Y.FpeJ.2MJthAfSYeX08pwXwC354kgFYO', NULL, NULL, '[\"ROLE_USER\"]', 'lucas-dvnis'),
('78bfa246-b517-4ce7-a228-9b68ceca4ba7', NULL, NULL, '1980-04-14', '2024-10-07 15:15:10.019565', 'maxime.moulin@gmail.com', 'Maxime', 'Moulin', '$2a$10$Zx.tSdsjTmFPTk6QVJp/hO9GxBmtDIQPo8jHbotq0j2DukCZriqTK', NULL, NULL, '[\"ROLE_USER\"]', 'maxime-moulin'),
('78c7b1c9-8d6c-436b-a51f-3b752d682e2c', NULL, NULL, '1966-12-30', '2024-10-07 15:15:04.247103', 'nicolas.royer@gmail.com', 'Nicolas', 'Royer', '$2a$10$NSN5dMO1j4gRndebIEAAseLybqtgZpnlfBfCF7A6ExdfHoVz9sA6G', NULL, NULL, '[\"ROLE_USER\"]', 'nicolas-royer'),
('7b5dd350-2e34-4e3c-b7e0-dc7e1e840f14', NULL, NULL, '1967-08-01', '2024-10-07 15:15:04.075486', 'maeva.philippe@gmail.com', 'Maeva', 'Philippe', '$2a$10$IZ6C0hQJgLOKwIAjVQMU/.dmMeGcqY9WSIV3qUK8Y.c47iDUQdCbW', NULL, NULL, '[\"ROLE_USER\"]', 'maeva-philippe'),
('7b668565-2a22-4b0b-a5e2-102df7a1099d', NULL, NULL, '1963-02-27', '2024-10-07 15:15:08.338073', 'lou.adam@gmail.com', 'Lou', 'Adam', '$2a$10$eDx/PA3NV9ZZzpETaeWQ3e8qpBSs07CZcrjo78xutceGzDv8zwDHi', NULL, NULL, '[\"ROLE_USER\"]', 'lou-adam'),
('7bcf1e26-d44b-4e64-a074-8c95d627d727', NULL, NULL, '1979-04-07', '2024-10-07 15:15:06.641150', 'lucie.gonzalez@gmail.com', 'Lucie', 'Gonzalez', '$2a$10$BzMi9WCQPH8HT28gAoRKheuraCtbXtYp4CVgM97rWviy0jdv6sNyu', NULL, NULL, '[\"ROLE_USER\"]', 'lucie-gonzalez'),
('8118d52d-e182-4383-a5b4-ad630caea863', NULL, NULL, '1980-03-20', '2024-10-07 15:15:05.996407', 'lina.paris@gmail.com', 'Lina', 'Paris', '$2a$10$TQCvZZ5McuZX6VrPBsHTmeM8g6hZ/gcgX1hxVur5QvtaeF/zdj3Vq', NULL, NULL, '[\"ROLE_USER\"]', 'lina-paris'),
('81374c2d-e5fc-46bb-b867-77b9cfb26632', NULL, NULL, '1967-10-10', '2024-10-07 15:15:10.419834', 'pauline.andré@gmail.com', 'Pauline', 'André', '$2a$10$J.VD.1MCmLCKN62B3IpwV..SvY7y1NATT//7i99JZEK2BqXzmDzwC', NULL, NULL, '[\"ROLE_USER\"]', 'pauline-andre'),
('8402b37f-9638-4631-bd05-4693dc47fb77', NULL, NULL, '1967-04-24', '2024-10-07 15:15:03.658302', 'julien.dubois@gmail.com', 'Julien', 'Dubois', '$2a$10$mZueAvBxWxbbxQ6PHU6HtOCXcs5Zq6zcf0k.pGQU6BBGhEIeiB6S2', NULL, NULL, '[\"ROLE_USER\"]', 'julien-dubois'),
('844c8127-4406-4d2a-be45-e10e299688ad', NULL, NULL, '1991-09-28', '2024-10-07 15:15:11.536819', 'ethan.arnaud@gmail.com', 'Ethan', 'Arnaud', '$2a$10$H5z0mq2x0GxSvy3OfEO9GuvBH4FT1dB52nk.e0OFgJXhIm02z8Wrm', NULL, NULL, '[\"ROLE_USER\"]', 'ethan-arnaud'),
('8783fce1-93d9-4527-be53-595dcfc34b90', NULL, NULL, '1991-02-17', '2024-10-07 15:15:03.317422', 'elisa.aubert@gmail.com', 'Elisa', 'Aubert', '$2a$10$mK8vYVFmdl/FXcx8BzXlZeoyudxtkRTY1IIby9CbiygW1xGsQeUKW', NULL, NULL, '[\"ROLE_USER\"]', 'elisa-aubert'),
('8ffa1e47-70b8-4670-b599-ad924d4558f5', NULL, NULL, '2005-06-06', '2024-10-07 15:15:05.582619', 'benjamin.roussel@gmail.com', 'Benjamin', 'Roussel', '$2a$10$ukc/rgfMmEQXLV21xhVrBOahqe3xLD3CpUFdcd1mtRI9cZrbJRvK2', NULL, NULL, '[\"ROLE_USER\"]', 'benjamin-roussel'),
('91cfaddd-93f0-498c-adab-2633e42868c3', NULL, NULL, '1961-11-30', '2024-10-07 15:15:08.014896', 'enzo.jean@gmail.com', 'Enzo', 'Jean', '$2a$10$T6IKXBEEZ6pXBJS04tq7Num93QvfrcGlKlMF/SGSt/n0OFpnrxKH6', NULL, NULL, '[\"ROLE_USER\"]', 'enzo-jean'),
('9336eca3-846d-4ebd-b3e2-febbce4bf948', NULL, NULL, '1977-01-18', '2024-10-07 15:15:06.881539', 'laura.david@gmail.com', 'Laura', 'David', '$2a$10$vgP.s.i9/OmBhx4Fe/VnfO0Y1o8B.7Qm4KIhFTkXTbHKKtQmddpS2', NULL, NULL, '[\"ROLE_USER\"]', 'laura-david'),
('93ab7aa4-7bf8-4df3-a148-dd04353a618c', NULL, NULL, '1965-04-19', '2024-10-07 15:15:07.376181', 'lilou.clément@gmail.com', 'Lilou', 'Clément', '$2a$10$BbS.C8HhSfWVKDa.UkfAf.eISzw7cnjDVYCecKxboVyEPm34VNiP.', NULL, NULL, '[\"ROLE_USER\"]', 'lilou-clement'),
('94037af4-366a-498c-bfce-b2e8f4a4200e', NULL, NULL, '1980-02-10', '2024-10-07 15:15:07.617545', 'lou.simon@gmail.com', 'Lou', 'Simon', '$2a$10$c3H8kAy4ET7ROBjJ0hy9i.dSZyxgTCkDgwByU19L9OFoVOkZbJBFS', NULL, NULL, '[\"ROLE_USER\"]', 'lou-simon'),
('9a8f5355-384a-4b11-ac7b-91c260857c34', NULL, NULL, '1970-02-17', '2024-10-07 15:15:08.094875', 'laura.giraud@gmail.com', 'Laura', 'Giraud', '$2a$10$rfDCmcofseY6RPjYX0CBHOo3kM3HfI5rSDOwUH86Lms1AQWv/W/m2', NULL, NULL, '[\"ROLE_USER\"]', 'laura-giraud'),
('9ec65c17-cdf1-49c8-8e1d-fad64884457d', NULL, NULL, '1999-06-06', '2024-10-07 15:15:09.856571', 'noémie.noël@gmail.com', 'Noémie', 'Noël', '$2a$10$mO8pWQls1p7nZnGiEQ8RVe46YD5PHSZbtcTJQ1ZdBeXn7g5vZh7ym', NULL, NULL, '[\"ROLE_USER\"]', 'noemie-noel'),
('a08166af-2e57-48f7-9a0a-9360ea9236a5', NULL, NULL, '1970-11-20', '2024-10-07 15:15:06.233163', 'lucie.marty@gmail.com', 'Lucie', 'Marty', '$2a$10$NKe/CKD2FM9SeBvgSKPuzuJAn/2TMJCYK4ohFa1cQ2pfZTfe6Ps2i', NULL, NULL, '[\"ROLE_USER\"]', 'lucie-marty'),
('a4dad827-476b-4502-9b43-5614d2586fae', NULL, NULL, '1961-10-15', '2024-10-07 15:15:11.138045', 'léo.robert@gmail.com', 'Léo', 'Robert', '$2a$10$Y.fLGo3CxiznCdHg/C5dmeWB.LCCBbYz54wWkXcPjZ/Y4Z3NoPgha', NULL, NULL, '[\"ROLE_USER\"]', 'leo-robert'),
('a94f421f-6897-4959-a414-f034e64711f8', NULL, NULL, '1999-07-01', '2024-10-07 15:15:07.857338', 'pierre.morin@gmail.com', 'Pierre', 'Morin', '$2a$10$3oMq6bcHVLeCz3pqxYGhDuX2B11BygJCdE07y0BzdcSp644aN7GBa', NULL, NULL, '[\"ROLE_USER\"]', 'pierre-morin'),
('ad62599b-d6d4-4f6d-8d10-42f5d51b8f17', NULL, NULL, '1970-03-08', '2024-10-07 15:15:06.313728', 'maxence.martin@gmail.com', 'Maxence', 'Martin', '$2a$10$F6oMFbhNGhx3H.u3wmDFSekRBBjx8FOee7JAiW4ot2/dgflLwF9vW', NULL, NULL, '[\"ROLE_USER\"]', 'maxence-martin'),
('ada6ea81-b12f-4191-9b6e-30ca86be3438', NULL, NULL, '1976-06-09', '2024-10-07 15:15:04.575215', 'mattéo.benoit@gmail.com', 'Mattéo', 'Benoit', '$2a$10$FnZ/e5tKulWWSHC80Aw3ieIhLguCf3r0iKuNLFABxOopesLY95QC6', NULL, NULL, '[\"ROLE_USER\"]', 'matteo-benoit'),
('b1e8e12f-cce6-4abb-a9d9-358544f4202d', NULL, NULL, '1997-02-05', '2024-10-07 15:15:06.074577', 'romain.roussel@gmail.com', 'Romain', 'Roussel', '$2a$10$Q4zwguWZ.PtIdNum8SbURekQ3TwlSLO/YdRb4w/.uizQ2gMLm56Dm', NULL, NULL, '[\"ROLE_USER\"]', 'romain-roussel'),
('b346f94c-75a7-45d7-a97e-f6fc00689c48', NULL, NULL, '1962-02-11', '2024-10-07 15:15:09.297581', 'clémence.rousseau@gmail.com', 'Clémence', 'Rousseau', '$2a$10$FPJ6ld7SFv4iNA.KzEj.O.VBD5WOLdQScjXomlloXKNZ6j2M6HcY6', NULL, NULL, '[\"ROLE_USER\"]', 'clemence-rousseau'),
('b5a28707-8cec-4805-8459-5f75e6288c03', NULL, NULL, '1983-09-01', '2024-10-07 15:15:09.139713', 'louise.méunier@gmail.com', 'Louise', 'Méunier', '$2a$10$4daQ6P0x8OveJ9FlTNrKUOXJbEWJVYhoNnlERfHH1aQ4v9kI7wfwe', NULL, NULL, '[\"ROLE_USER\"]', 'louise-meunier'),
('b9d696f7-3fe3-4fb0-8ccb-0d410eb4dd71', NULL, NULL, '1988-01-03', '2024-10-07 15:15:10.339120', 'sacha.leclerc@gmail.com', 'Sacha', 'Leclerc', '$2a$10$k.Q05jZd0PC1VcAIe4tKQey.LOY/BtpvS0FR55GGPbneO0SfCjQDG', NULL, NULL, '[\"ROLE_USER\"]', 'sacha-leclerc'),
('b9dc0cc3-e29c-4288-927e-2c7f92827db1', NULL, NULL, '1968-06-01', '2024-10-07 15:15:10.978283', 'baptiste.richard@gmail.com', 'Baptiste', 'Richard', '$2a$10$.DI2L5RqF2cSRvCBgsmAL.AdKJKycYUSoBWeuiAXkPsZn7uNZhDIy', NULL, NULL, '[\"ROLE_USER\"]', 'baptiste-richard'),
('bf4b78b7-ed63-4ce4-9a1a-8c764967f5bc', NULL, NULL, '1981-05-05', '2024-10-07 15:15:11.926353', 'mathilde.guyot@gmail.com', 'Mathilde', 'Guyot', '$2a$10$jpt1Xb9z.qi5L/0GQlkk4uiQQ0DzxUnqIGPFBoVZcT4MSjf6CMMl6', NULL, NULL, '[\"ROLE_USER\"]', 'mathilde-guyot'),
('bfcea597-bc2a-4429-b43c-31eaf4840a22', NULL, NULL, '1997-10-01', '2024-10-07 15:15:09.221414', 'noa.fabre@gmail.com', 'Noa', 'Fabre', '$2a$10$c91utDI8rT2ROLCVgfoxEuTFzpDCGaRzPQKH0u0nRmPBOXQ2vqoa.', NULL, NULL, '[\"ROLE_USER\"]', 'noa-fabre'),
('c1ea88c0-e819-463f-81ce-d7cce2adec26', NULL, NULL, '1965-04-20', '2024-10-07 15:15:12.088984', 'baptiste.rémy111@gmail.com', 'Baptiste', 'Rémy', '$2a$10$xu22afTI1/6YoL3gewOBku2nsW4nNuPpnNjuzKJ4.ZJSzul4eXWwW', NULL, NULL, '[\"ROLE_USER\"]', 'baptiste-remy'),
('c23d01f0-278e-4077-b3fd-9a5d057bf8b1', NULL, NULL, '1967-08-19', '2024-10-07 15:15:04.829027', 'carla.roger@gmail.com', 'Carla', 'Roger', '$2a$10$uVkb2xaAWyuzxr26d6KW.OIneyizinM9fj0aN4Ga42mbpiXNHXlmC', NULL, NULL, '[\"ROLE_USER\"]', 'carla-roger'),
('c4ca7064-5038-4b25-ad71-cb9be171fa61', NULL, NULL, '2002-10-04', '2024-10-07 15:15:12.719171', 'lilou.marchal@gmail.com', 'Lilou', 'Marchal', '$2a$10$uCXGMa07ptp8l3UICFw9k.D35q7DYbJUdz6L9P0XXVPb6pSQx2tGG', NULL, NULL, '[\"ROLE_USER\"]', 'lilou-marchal'),
('c5edd80e-c336-45ea-9179-1c4162aa69d5', NULL, NULL, '1972-06-13', '2024-10-07 15:15:03.145636', 'enzo.renaud@gmail.com', 'Enzo', 'Renaud', '$2a$10$8PI7fJyRijYS/671P8.P3eHPKCNiD8IsB0ZWzGepve1ootpgDXzPO', NULL, NULL, '[\"ROLE_USER\"]', 'enzo-renaud'),
('c76552d3-a7f3-41d3-846f-9c4cd7b9063f', NULL, NULL, '1982-10-12', '2024-10-07 15:15:05.243184', 'marie.carre@gmail.com', 'Marie', 'Carre', '$2a$10$nU.GfyHJuqYGRRyR93CfWeTcpCAkhe9vrtUHVnrOMUmZOjJHlb8NS', NULL, NULL, '[\"ROLE_USER\"]', 'marie-carre'),
('ca7e096b-3458-45f7-bae6-87db871c12c2', NULL, NULL, '1974-11-25', '2024-10-07 15:15:11.692524', 'lola.julien@gmail.com', 'Lola', 'Julien', '$2a$10$4ONEU9dTkEy6eY7zGuc5QuGaiseFJAGfeOgx9/EnO8TTi0S.oPMiC', NULL, NULL, '[\"ROLE_USER\"]', 'lola-julien'),
('cadce011-b2ea-42c1-82d4-d45a1b171247', NULL, NULL, '2006-04-04', '2024-10-07 15:15:08.814381', 'lola.royer@gmail.com', 'Lola', 'Royer', '$2a$10$S9bauX9TgNTlUAxBXBh7TeCNUuq.YOYPJYY5RzyLbUWdhkSN0dRNi', NULL, NULL, '[\"ROLE_USER\"]', 'lola-royer'),
('cb0b30d8-00d6-4b96-bdf4-0b906b8e3775', NULL, NULL, '1984-09-27', '2024-10-07 15:15:12.871296', 'lina.julien@gmail.com', 'Lina', 'Julien', '$2a$10$bi/L35lMY2S3UOnk8vvKtubxQMA64GYOqvFx20QXkdJpUA5nsnyie', NULL, NULL, '[\"ROLE_USER\"]', 'lina-julien'),
('cbe3c308-78cf-4b6a-87d2-28b9aa4281c2', NULL, NULL, '1989-05-15', '2024-10-07 15:15:12.566112', 'maxence.moreau@gmail.com', 'Maxence', 'Moreau', '$2a$10$RxPVDn/gIMP.ubwAjIs/8eZq3MBTiAJ1nqOXGXaCL1C74lVS0tmye', NULL, NULL, '[\"ROLE_USER\"]', 'maxence-moreau'),
('ccfde57e-8488-494d-ac8c-fe2e58871e0d', NULL, NULL, '1991-05-27', '2024-10-07 15:15:07.045275', 'lou.roux@gmail.com', 'Lou', 'Roux', '$2a$10$Th8gQSQeP/BgyHEUy0ErVe6bdu/NAp2PN77CAETSJ12981eAz/lEm', NULL, NULL, '[\"ROLE_USER\"]', 'lou-roux'),
('cf4f59df-f8da-4c73-8f58-6f6e18a3fe09', NULL, NULL, '1962-06-14', '2024-10-07 15:15:07.208646', 'lucas.cousin@gmail.com', 'Lucas', 'Cousin', '$2a$10$ecz8jICl1UhuLjRw7WQLjONdAEPHqG/h0Rb5ZwIMqQ.YJbL2TdMnW', NULL, NULL, '[\"ROLE_USER\"]', 'lucas-cousin'),
('cfe79129-a1d7-43f2-b3c9-36cf6c9bc767', NULL, NULL, '1975-06-29', '2024-10-07 15:15:07.291513', 'laura.louis@gmail.com', 'Laura', 'Louis', '$2a$10$goakadiz/blN8N3yNjfixOYE5.8ru7BEL/FR7wRHLX6cgt2da5QJi', NULL, NULL, '[\"ROLE_USER\"]', 'laura-louis'),
('d2d1a900-f8d3-42d6-ad28-9c619828dc91', NULL, NULL, '1977-04-23', '2024-10-07 15:15:05.410718', 'lou.andré@gmail.com', 'Lou', 'André', '$2a$10$jOKhCCXAOp7Cld2M2IAEXeKrcgaNse/pmNquHRY6G29r4zFdAQfX2', NULL, NULL, '[\"ROLE_USER\"]', 'lou-andre'),
('d718454f-4ba7-4ec5-ac5a-823dea8334e6', NULL, NULL, '2005-09-14', '2024-10-07 15:15:09.536068', 'lucas.petit@gmail.com', 'Lucas', 'Petit', '$2a$10$TJGKw52xLi7Nkr4HSdlCZOhjgeIS9lAo5LoZ2Dke9Ln2oQVy8G932', NULL, NULL, '[\"ROLE_USER\"]', 'lucas-petit'),
('d7dc630c-cc7a-45f4-81ab-cf7db6e1acad', NULL, NULL, '1973-02-03', '2024-10-07 15:15:12.247566', 'louise.maillard@gmail.com', 'Louise', 'Maillard', '$2a$10$cgkrZZT812kCldba344zfuQzI5gaAjhdAAZiBPPBLWdzo2wRhol9u', NULL, NULL, '[\"ROLE_USER\"]', 'louise-maillard'),
('da61626c-cdd7-4170-83f2-58bcb98bb89d', NULL, NULL, '2005-05-30', '2024-10-07 15:15:07.935052', 'yanis.rolland@gmail.com', 'Yanis', 'Rolland', '$2a$10$gpvdtrvsRfntmbgRKwLIg.Swsa1uQc09/eJYLZkNFfzGm4eqwDphe', NULL, NULL, '[\"ROLE_USER\"]', 'yanis-rolland'),
('daf0b46a-675d-4c03-8d22-63f946fce14a', NULL, NULL, '1960-07-20', '2024-10-07 15:15:10.817170', 'alexandre.garnier@gmail.com', 'Alexandre', 'Garnier', '$2a$10$SOkg5diQ3fTczWdxj9bcw.K5cuccOi5q6KbXKpD4Ij6tCT2m3HVKy', NULL, NULL, '[\"ROLE_USER\"]', 'alexandre-garnier'),
('ddd20531-8d01-4b1b-95fd-53f25cc9e217', NULL, NULL, '1962-07-09', '2024-10-07 15:15:12.952244', 'rayan.deschamps@gmail.com', 'Rayan', 'Deschamps', '$2a$10$FEKaxfkROfZd5.Gx3icJzeB.qMpggKg3J4DKTqxs0bC7LHO2N6JyO', NULL, NULL, '[\"ROLE_USER\"]', 'rayan-deschamps'),
('ddea5fb2-93b4-419a-854b-eac81841301e', NULL, NULL, '1970-10-20', '2024-10-07 15:15:07.459208', 'paul.aubert@gmail.com', 'Paul', 'Aubert', '$2a$10$JGPRDMFVxlKNHt307KmuLOKFSKwcOy1attgnvoKjSNOPzi1TvdB6i', NULL, NULL, '[\"ROLE_USER\"]', 'paul-aubert'),
('df09b2f3-2e0f-469e-8e2b-90c516e35969', NULL, NULL, '1987-10-02', '2024-10-07 15:15:03.744324', 'lilou.robin@gmail.com', 'Lilou', 'Robin', '$2a$10$/UjwYIwbVTwqhZO.n83qNOiVqgTs7oTMxUMy/ycDX3t8BMak.nbtu', NULL, NULL, '[\"ROLE_USER\"]', 'lilou-robin'),
('e00dfe49-cba7-4cfb-80d8-85e3e20c9c2f', NULL, NULL, '2001-09-22', '2024-10-07 15:15:07.775798', 'lou.colin@gmail.com', 'Lou', 'Colin', '$2a$10$PQlix5oZUPqW85PW60ESauzNTk4sHyEn0tg.6T./jZ/wDFGiKXz4K', NULL, NULL, '[\"ROLE_USER\"]', 'lou-colin'),
('e847d67c-fb3f-4f04-8a74-f989bb66ce6e', NULL, NULL, '1962-10-05', '2024-10-07 15:15:06.803601', 'paul.paul@gmail.com', 'Paul', 'Paul', '$2a$10$b7.pdw7Y83m4yAhWVL9mgeFmQlMUB0M9ahd6.YdsSrxQPvaMwNJnC', NULL, NULL, '[\"ROLE_USER\"]', 'paul-paul'),
('e92347f4-1ea2-4301-852a-25aa9ca1c163', NULL, NULL, '1983-12-25', '2024-10-07 15:15:07.127098', 'emilie.marchand@gmail.com', 'Emilie', 'Marchand', '$2a$10$UmzCYBmbtqoLLQmbfaXqkOH3BcX17hqk4crxaaTc4Jd/mcDYeAyLe', NULL, NULL, '[\"ROLE_USER\"]', 'emilie-marchand'),
('e949b2d0-92db-4528-8231-706e6a3340e9', NULL, NULL, '1962-06-20', '2024-10-07 15:15:03.909254', 'océane.barbier@gmail.com', 'Océane', 'Barbier', '$2a$10$JB0v9eMRJlWZSL86cv0HlORlJLo2.ix8ZNxn1rbVNPZd.gChfIo7m', NULL, NULL, '[\"ROLE_USER\"]', 'oceane-barbier'),
('e96105fd-87c3-44af-beea-74b993a5ca3a', NULL, NULL, '1962-09-09', '2024-10-07 15:15:05.327390', 'camille.lopéz@gmail.com', 'Camille', 'Lopéz', '$2a$10$hn0agbwa6umQQPZWAGZcS.ZaFP/iufj8jmJmadAXqfUWfpsW6kb/S', NULL, NULL, '[\"ROLE_USER\"]', 'camille-lopez'),
('e993c41a-adda-4c0e-bcbb-17fd8200c738', NULL, NULL, '1961-01-08', '2024-10-07 15:15:10.579625', 'anaïs.dvnis@gmail.com', 'Anaïs', 'Dvnis', '$2a$10$bt9bM1SEIXY/xolKZ/McnuOxmLG2VAclUcZUgpy2nCwu0lzL3npLa', NULL, NULL, '[\"ROLE_USER\"]', 'anais-dvnis'),
('ea0f23a6-b9e9-480e-ac7a-02a77bc73af8', NULL, NULL, '2002-06-15', '2024-10-07 15:15:10.738403', 'maëlys.perrot@gmail.com', 'Maëlys', 'Perrot', '$2a$10$AdQ8Aj4kikgRgM8jg7Y6G./2gLme1.THl02KjdZx2zgIMoCnni3rS', NULL, NULL, '[\"ROLE_USER\"]', 'maelys-perrot'),
('ea225579-df92-4de7-b1a0-6144b5075c87', NULL, NULL, '2003-05-15', '2024-10-07 15:15:07.537493', 'mohamed.sanchez@gmail.com', 'Mohamed', 'Sanchez', '$2a$10$HZtt2x6YH61ymb/AAee.4upC43vx4SGySfXH8AdKbnvEIyImeA8gG', NULL, NULL, '[\"ROLE_USER\"]', 'mohamed-sanchez'),
('f4befd02-4473-4327-af22-294b4738c555', NULL, NULL, '1979-03-29', '2024-10-07 15:15:08.255318', 'raphaël.leroy@gmail.com', 'Raphaël', 'Leroy', '$2a$10$H1wgTXD.31yP.xgzTnUrd.WMAwhklJo2CmXj99RZ4uuzqhUDB2etG', NULL, NULL, '[\"ROLE_USER\"]', 'raphael-leroy'),
('f4ebeeed-afc9-48ef-b04b-40cebe1ad3f1', NULL, NULL, '1965-03-12', '2024-10-07 15:15:03.231640', 'louna.laurent@gmail.com', 'Louna', 'Laurent', '$2a$10$F6CfiMkFu.GERkwtNVmJde/gsCz0SL1DeUvtvtMZmY.J2bYKJsxBm', NULL, NULL, '[\"ROLE_USER\"]', 'louna-laurent'),
('f5327d06-a789-47cc-9990-3a866453c654', NULL, NULL, '1964-10-31', '2024-10-07 15:15:11.375312', 'camille.gaillard@gmail.com', 'Camille', 'Gaillard', '$2a$10$LYMtJkO7fNioPuwf4q5Ig.D562CmeMIYUnf30Nqn9D6UnxRcGW7sq', NULL, NULL, '[\"ROLE_USER\"]', 'camille-gaillard'),
('f554920b-cd32-4b36-8be0-c79745dd2103', NULL, NULL, '1972-01-10', '2024-10-07 15:15:11.215710', 'rayan.thomas@gmail.com', 'Rayan', 'Thomas', '$2a$10$/s/xCGGRw3gCsL1Jk.B1U.NVJ0mXCLAupsws3BpAv47bqaEFQG2cG', NULL, NULL, '[\"ROLE_USER\"]', 'rayan-thomas'),
('f9d652b1-52ed-4308-9565-b21c5a4c3cd0', NULL, NULL, '2000-11-29', '2024-10-07 15:15:03.575239', 'mathis.perrin@gmail.com', 'Mathis', 'Perrin', '$2a$10$FlzBVtP9rRdN9Y6/CRfEa.fkjmOHvPW6bzVoqNEL9DStUJ8wQTpeK', NULL, NULL, '[\"ROLE_USER\"]', 'mathis-perrin'),
('fcdf5535-ae5f-4ed9-8119-d9ba4e3feceb', NULL, NULL, '1965-02-08', '2024-10-07 15:15:05.749169', 'julien.dupuy@gmail.com', 'Julien', 'Dupuy', '$2a$10$BZ14URdP0B96Rc6QLlCxuuQzgorxszH7jcXto0OMJdwc.yxWucike', NULL, NULL, '[\"ROLE_USER\"]', 'julien-dupuy'),
('fd310317-af24-4860-8e6e-c844280315c8', NULL, NULL, '1992-10-20', '2024-10-07 15:15:05.493245', 'tom.carre@gmail.com', 'Tom', 'Carre', '$2a$10$FJ6mX.kwDoxDfTheaQRi1O/CKCQL8v1pH.ul0YPRaLe0MZF.YT1xa', NULL, NULL, '[\"ROLE_USER\"]', 'tom-carre');
SET FOREIGN_KEY_CHECKS=1;
COMMIT;

/*!40101 SET CHARACTER_SET_CLIENT=@OLD_CHARACTER_SET_CLIENT */;
/*!40101 SET CHARACTER_SET_RESULTS=@OLD_CHARACTER_SET_RESULTS */;
/*!40101 SET COLLATION_CONNECTION=@OLD_COLLATION_CONNECTION */;
